== [1/3] make REGION=eu tidy check (decomp GBA, rebuild complet, sha1) ==
  RM roms
  RM elf
  RM map
  RM *.dump
  RM *.o
  RM data/*.s
  RM src/**/*.s
  RM tools/gbafix/gbafix
  RM linker.ld.pp
  CC gbafix
  CC src/agbmain.s
  CC src/animated_graphics.s
  CC src/audio.s
  CC src/audio_wrappers.s
  CC src/bg_clip.s
  CC src/block.s
  CC src/cable_link.s
  CC src/chozodia_escape.s
  CC src/callbacks.s
  CC src/clipdata.s
  CC src/color_effects.s
  CC src/color_fading.s
  CC src/complex_oam.s
  CC src/connection.s
  CC src/demo.s
  CC src/demo_input.s
  CC src/display.s
  CC src/dma.s
  CC src/ending_and_gallery.s
  CC src/escape.s
  CC src/event.s
  CC src/fixed_point.s
  CC src/fusion_gallery.s
  CC src/gadora_hatch.s
  CC src/globals1.s
  CC src/globals2.s
  CC src/haze.s
  CC src/hud.s
  CC src/hud_generic.s
  CC src/in_game.s
  CC src/in_game_cutscene.s
  CC src/in_game_timer.s
  CC src/init_game.s
  CC src/init_helpers.s
  CC src/intro.s
  CC src/link.s
  CC src/location_text.s
  CC src/minimap.s
  CC src/multiboot.s
  CC src/music_wrappers.s
  CC src/oam_id.s
  CC src/particle.s
  CC src/power_bomb_explosion.s
  CC src/process_pause_press.s
  CC src/projectile.s
  CC src/projectile_util.s
  CC src/room.s
  CC src/room_cutscene.s
  CC src/room_music.s
  CC src/samus.s
  CC src/save_file.s
  CC src/save_file_load.s
  CC src/screen_shake.s
  CC src/scroll.s
  CC src/soft_reset.s
  CC src/soft_reset_input.s
  CC src/sprite.s
  CC src/sprite_debris.s
  CC src/sprite_util.s
  CC src/sram_misc.s
  CC src/syscall_wrappers.s
  CC src/text.s
  CC src/time_attack.s
  CC src/tourian_escape.s
  CC src/transfer.s
  CC src/transparency.s
  CC src/update_input.s
  CC src/cutscenes/before_ruins_test.s
  CC src/cutscenes/cutscene_utils.s
  CC src/cutscenes/enter_tourian.s
  CC src/cutscenes/getting_fully_powered_suit.s
  CC src/cutscenes/kraid_rising.s
  CC src/cutscenes/mecha_sees_samus.s
  CC src/cutscenes/mother_brain_close_up.s
  CC src/cutscenes/ridley_in_space.s
  CC src/cutscenes/ridley_landing.s
  CC src/cutscenes/ridley_spawn.s
  CC src/cutscenes/samus_in_blue_ship.s
  CC src/cutscenes/statue_opening.s
  CC src/cutscenes/story_text_cutscene.s
  CC src/data/animated_graphics_data.s
  CC src/data/animated_tiles_data.s
  CC src/data/audio.s
  CC src/data/block_data.s
  CC src/data/cable_link_data.s
  CC src/data/chozodia_escape_data.s
  CC src/data/clipdata_data.s
  CC src/data/clipdata_types.s
  CC src/data/clipdata_types_tilemap.s
  CC src/data/color_fading_data.s
  CC src/data/common_pals.s
  CC src/data/default_background_data.s
  CC src/data/demo_data.s
  CC src/data/empty_datatypes.s
  CC src/data/ending_and_gallery_data.s
  CC src/data/fusion_gallery_data.s
  CC src/data/generic_data.s
  CC src/data/hatch_data.s
  CC src/data/haze_data.s
  CC src/data/hud_data.s
  CC src/data/in_game_cutscene_data.s
  CC src/data/intro_data.s
  CC src/data/io_transfer_data.s
  CC src/data/music_track_data.s
  CC src/data/nes_metroid.s
  CC src/data/particle_data.s
  CC src/data/projectile_data.s
  CC src/data/rooms_data.s
  CC src/data/samus_close_up_data.s
  CC src/data/save_file_data.s
  CC src/data/shortcut_pointers.s
  CC src/data/sprite_data.s
  CC src/data/spriteset.s
  CC src/data/text_data.s
  CC src/data/tourian_escape_data.s
  CC src/data/visual_effects_data.s
  CC src/menus/boot_debug.s
  CC src/menus/erase_sram.s
  CC src/menus/file_select.s
  CC src/menus/game_over.s
  CC src/menus/pause_screen.s
  CC src/menus/pause_screen_map.s
  CC src/menus/pause_screen_sub_menus.s
  CC src/menus/status_screen.s
  CC src/menus/title_screen.s
  CC src/sprites_ai/acid_worm.s
  CC src/sprites_ai/area_banner.s
  CC src/sprites_ai/atomic.s
  CC src/sprites_ai/baristute.s
  CC src/sprites_ai/black_space_pirate.s
  CC src/sprites_ai/boss_statues.s
  CC src/sprites_ai/charge_beam.s
  CC src/sprites_ai/chozo_ball.s
  CC src/sprites_ai/chozo_statue.s
  CC src/sprites_ai/chozo_statue_movement.s
  CC src/sprites_ai/crocomire.s
  CC src/sprites_ai/deorem.s
  CC src/sprites_ai/dessgeega.s
  CC src/sprites_ai/dragon.s
  CC src/sprites_ai/elevator_pad.s
  CC src/sprites_ai/elevator_statue.s
  CC src/sprites_ai/enemy_drop.s
  CC src/sprites_ai/escape_gate.s
  CC src/sprites_ai/escape_ship.s
  CC src/sprites_ai/escape_ship_pirate.s
  CC src/sprites_ai/explosion_zebes_escape.s
  CC src/sprites_ai/falling_chozo_pillar.s
  CC src/sprites_ai/gadora.s
  CC src/sprites_ai/gamet.s
  CC src/sprites_ai/geega.s
  CC src/sprites_ai/gekitai_machine.s
  CC src/sprites_ai/geron.s
  CC src/sprites_ai/geron_norfair.s
  CC src/sprites_ai/geruta.s
  CC src/sprites_ai/glass_tube.s
  CC src/sprites_ai/gunship.s
  CC src/sprites_ai/hive.s
  CC src/sprites_ai/holtz.s
  CC src/sprites_ai/imago.s
  CC src/sprites_ai/imago_cocoon.s
  CC src/sprites_ai/imago_larva.s
  CC src/sprites_ai/imago_larva_right_side.s
  CC src/sprites_ai/kraid.s
  CC src/sprites_ai/mecha_ridley.s
  CC src/sprites_ai/map_station.s
  CC src/sprites_ai/mella.s
  CC src/sprites_ai/message_banner.s
  CC src/sprites_ai/metroid.s
  CC src/sprites_ai/morph_ball.s
  CC src/sprites_ai/morph_ball_launcher.s
  CC src/sprites_ai/mother_brain.s
  CC src/sprites_ai/multiviola.s
  CC src/sprites_ai/parasite.s
  CC src/sprites_ai/piston.s
  CC src/sprites_ai/polyp.s
  CC src/sprites_ai/power_grip.s
  CC src/sprites_ai/primary_sprite_b3.s
  CC src/sprites_ai/reo.s
  CC src/sprites_ai/ridley.s
  CC src/sprites_ai/rinka.s
  CC src/sprites_ai/ripper2.s
  CC src/sprites_ai/ripper.s
  CC src/sprites_ai/rising_chozo_pillar.s
  CC src/sprites_ai/ruins_test.s
  CC src/sprites_ai/save_platform.s
  CC src/sprites_ai/save_platform_chozodia.s
  CC src/sprites_ai/searchlight.s
  CC src/sprites_ai/searchlight_eye.s
  CC src/sprites_ai/security_gate.s
  CC src/sprites_ai/security_laser.s
  CC src/sprites_ai/sidehopper.s
  CC src/sprites_ai/skree.s
  CC src/sprites_ai/skultera.s
  CC src/sprites_ai/sova.s
  CC src/sprites_ai/space_pirate.s
  CC src/sprites_ai/space_pirate_carrying_power_bomb.s
  CC src/sprites_ai/squeept.s
  CC src/sprites_ai/steam.s
  CC src/sprites_ai/tangle_vine.s
  CC src/sprites_ai/unknown_item_block.s
  CC src/sprites_ai/unknown_item_chozo_statue.s
  CC src/sprites_ai/unused_sprites.s
  CC src/sprites_ai/viola.s
  CC src/sprites_ai/water_drop.s
  CC src/sprites_ai/waver.s
  CC src/sprites_ai/worker_robot.s
  CC src/sprites_ai/zebbo.s
  CC src/sprites_ai/zeb.s
  CC src/sprites_ai/zebetite_and_cannon.s
  CC src/sprites_ai/zeela.s
  CC src/sprites_ai/zipline.s
  CC src/sprites_ai/zipline_generator.s
  CC src/sprites_ai/zoomer.s
  CC src/sram/sram.s
  CC src/data/cutscenes/before_ruins_test_data.s
  CC src/data/cutscenes/cutscenes_data.s
  CC src/data/cutscenes/enter_tourian_data.s
  CC src/data/cutscenes/getting_fully_powered_suit_data.s
  CC src/data/cutscenes/kraid_rising_data.s
  CC src/data/cutscenes/mecha_sees_samus_data.s
  CC src/data/cutscenes/mother_brain_close_up_data.s
  CC src/data/cutscenes/ridley_in_space_data.s
  CC src/data/cutscenes/ridley_landing_data.s
  CC src/data/cutscenes/ridley_spawn_data.s
  CC src/data/cutscenes/samus_in_blue_ship_data.s
  CC src/data/cutscenes/statue_opening_data.s
  CC src/data/cutscenes/story_text_cutscene_data.s
  CC src/data/menus/boot_debug_data.s
  CC src/data/menus/erase_sram_data.s
  CC src/data/menus/file_select_data.s
  CC src/data/menus/game_over_data.s
  CC src/data/menus/language_select_data.s
  CC src/data/menus/pause_screen_data.s
  CC src/data/menus/pause_screen_map_data.s
  CC src/data/menus/pause_screen_sub_menus_data.s
  CC src/data/menus/status_screen_data.s
  CC src/data/menus/title_screen_data.s
  CC src/data/rooms/test_rooms_data.s
  CC src/data/samus/arm_cannon_data.s
  CC src/data/samus/samus_animation_pointers.s
  CC src/data/samus/samus_empty_data.s
  CC src/data/samus/samus_graphics.s
  CC src/data/samus/samus_palette_data.s
  CC src/data/sprites/acid_worm.s
  CC src/data/sprites/area_banner.s
  CC src/data/sprites/atomic.s
  CC src/data/sprites/baristute.s
  CC src/data/sprites/boss_statues.s
  CC src/data/sprites/charge_beam.s
  CC src/data/sprites/chozo_statue.s
  CC src/data/sprites/crocomire.s
  CC src/data/sprites/deorem.s
  CC src/data/sprites/dessgeega.s
  CC src/data/sprites/dragon.s
  CC src/data/sprites/elevator_pad.s
  CC src/data/sprites/elevator_statue.s
  CC src/data/sprites/enemy_drop.s
  CC src/data/sprites/escape_gate.s
  CC src/data/sprites/escape_ship.s
  CC src/data/sprites/falling_chozo_pillar.s
  CC src/data/sprites/gadora.s
  CC src/data/sprites/gamet.s
  CC src/data/sprites/geega.s
  CC src/data/sprites/geron.s
  CC src/data/sprites/gekitai_machine.s
  CC src/data/sprites/geron_norfair.s
  CC src/data/sprites/geruta.s
  CC src/data/sprites/glass_tube.s
  CC src/data/sprites/gunship.s
  CC src/data/sprites/hive.s
  CC src/data/sprites/holtz.s
  CC src/data/sprites/imago.s
  CC src/data/sprites/imago_cocoon.s
  CC src/data/sprites/imago_larva.s
  CC src/data/sprites/imago_larva_right_side.s
  CC src/data/sprites/kraid.s
  CC src/data/sprites/map_station.s
  CC src/data/sprites/mecha_ridley.s
  CC src/data/sprites/mella.s
  CC src/data/sprites/message_banner.s
  CC src/data/sprites/metroid.s
  CC src/data/sprites/morph_ball.s
  CC src/data/sprites/morph_ball_launcher.s
  CC src/data/sprites/mother_brain.s
  CC src/data/sprites/multiviola.s
  CC src/data/sprites/parasite.s
  CC src/data/sprites/piston.s
  CC src/data/sprites/polyp.s
  CC src/data/sprites/power_grip.s
  CC src/data/sprites/reo.s
  CC src/data/sprites/ridley.s
  CC src/data/sprites/rinka.s
  CC src/data/sprites/ripper2.s
  CC src/data/sprites/ripper.s
  CC src/data/sprites/rising_chozo_pillar.s
  CC src/data/sprites/ruins_test.s
  CC src/data/sprites/save_platform.s
  CC src/data/sprites/save_platform_chozodia.s
  CC src/data/sprites/searchlight.s
  CC src/data/sprites/searchlight_eye.s
  CC src/data/sprites/security_gate.s
  CC src/data/sprites/security_laser.s
  CC src/data/sprites/sidehopper.s
  CC src/data/sprites/skree.s
  CC src/data/sprites/skultera.s
  CC src/data/sprites/sova.s
  CC src/data/sprites/space_pirate.s
  CC src/data/sprites/space_pirate_carrying_power_bomb.s
  CC src/data/sprites/squeept.s
  CC src/data/sprites/steam.s
  CC src/data/sprites/tangle_vine.s
  CC src/data/sprites/unknown_item_block.s
  CC src/data/sprites/unknown_item_chozo_statue.s
  CC src/data/sprites/unused_sprites.s
  CC src/data/sprites/viola.s
  CC src/data/sprites/waver.s
  CC src/data/sprites/worker_robot.s
  CC src/data/sprites/zebbo.s
  CC src/data/sprites/zeb.s
  CC src/data/sprites/zebetite_and_cannon.s
  CC src/data/sprites/zeela.s
  CC src/data/sprites/zipline.s
  CC src/data/sprites/zipline_generator.s
  CC src/data/sprites/zoomer.s
  CC src/data/tilesets/tilesets_set0.s
  CC src/data/tilesets/tilesets_set2.s
  CC src/data/tilesets/tilesets_set1.s
  CC src/data/tilesets/tilesets_set3.s
  CC src/data/tilesets/tilesets_set4.s
  CC src/data/tilesets/tilesets_set5.s
  CC src/data/tilesets/tilesets_set6.s
  CC src/data/tilesets/tilesets_set7.s
  CC src/data/rooms/brinstar/bg3.s
  CC src/data/rooms/brinstar/brinstar_0.s
  CC src/data/rooms/brinstar/brinstar_10.s
  CC src/data/rooms/brinstar/brinstar_11.s
  CC src/data/rooms/brinstar/brinstar_12.s
  CC src/data/rooms/brinstar/brinstar_13.s
  CC src/data/rooms/brinstar/brinstar_14.s
  CC src/data/rooms/brinstar/brinstar_15.s
  CC src/data/rooms/brinstar/brinstar_16.s
  CC src/data/rooms/brinstar/brinstar_17.s
  CC src/data/rooms/brinstar/brinstar_18.s
  CC src/data/rooms/brinstar/brinstar_19.s
  CC src/data/rooms/brinstar/brinstar_1.s
  CC src/data/rooms/brinstar/brinstar_20.s
  CC src/data/rooms/brinstar/brinstar_21.s
  CC src/data/rooms/brinstar/brinstar_22.s
  CC src/data/rooms/brinstar/brinstar_23.s
  CC src/data/rooms/brinstar/brinstar_24.s
  CC src/data/rooms/brinstar/brinstar_25.s
  CC src/data/rooms/brinstar/brinstar_26.s
  CC src/data/rooms/brinstar/brinstar_27.s
  CC src/data/rooms/brinstar/brinstar_28.s
  CC src/data/rooms/brinstar/brinstar_29.s
  CC src/data/rooms/brinstar/brinstar_2.s
  CC src/data/rooms/brinstar/brinstar_30.s
  CC src/data/rooms/brinstar/brinstar_31.s
  CC src/data/rooms/brinstar/brinstar_32.s
  CC src/data/rooms/brinstar/brinstar_33.s
  CC src/data/rooms/brinstar/brinstar_34.s
  CC src/data/rooms/brinstar/brinstar_35.s
  CC src/data/rooms/brinstar/brinstar_36.s
  CC src/data/rooms/brinstar/brinstar_37.s
  CC src/data/rooms/brinstar/brinstar_38.s
  CC src/data/rooms/brinstar/brinstar_39.s
  CC src/data/rooms/brinstar/brinstar_3.s
  CC src/data/rooms/brinstar/brinstar_40.s
  CC src/data/rooms/brinstar/brinstar_41.s
  CC src/data/rooms/brinstar/brinstar_4.s
  CC src/data/rooms/brinstar/brinstar_5.s
  CC src/data/rooms/brinstar/brinstar_6.s
  CC src/data/rooms/brinstar/brinstar_7.s
  CC src/data/rooms/brinstar/brinstar_8.s
  CC src/data/rooms/brinstar/brinstar_9.s
  CC src/data/rooms/chozodia/bg3.s
  CC src/data/rooms/chozodia/chozodia_0.s
  CC src/data/rooms/chozodia/chozodia_11.s
  CC src/data/rooms/chozodia/chozodia_10.s
  CC src/data/rooms/chozodia/chozodia_12.s
  CC src/data/rooms/chozodia/chozodia_13.s
  CC src/data/rooms/chozodia/chozodia_14.s
  CC src/data/rooms/chozodia/chozodia_15.s
  CC src/data/rooms/chozodia/chozodia_16.s
  CC src/data/rooms/chozodia/chozodia_17.s
  CC src/data/rooms/chozodia/chozodia_18.s
  CC src/data/rooms/chozodia/chozodia_19.s
  CC src/data/rooms/chozodia/chozodia_1.s
  CC src/data/rooms/chozodia/chozodia_20.s
  CC src/data/rooms/chozodia/chozodia_21.s
  CC src/data/rooms/chozodia/chozodia_22.s
  CC src/data/rooms/chozodia/chozodia_23.s
  CC src/data/rooms/chozodia/chozodia_24.s
  CC src/data/rooms/chozodia/chozodia_25.s
  CC src/data/rooms/chozodia/chozodia_26.s
  CC src/data/rooms/chozodia/chozodia_27.s
  CC src/data/rooms/chozodia/chozodia_28.s
  CC src/data/rooms/chozodia/chozodia_29.s
  CC src/data/rooms/chozodia/chozodia_2.s
  CC src/data/rooms/chozodia/chozodia_30.s
  CC src/data/rooms/chozodia/chozodia_32.s
  CC src/data/rooms/chozodia/chozodia_31.s
  CC src/data/rooms/chozodia/chozodia_33.s
  CC src/data/rooms/chozodia/chozodia_34.s
  CC src/data/rooms/chozodia/chozodia_35.s
  CC src/data/rooms/chozodia/chozodia_36.s
  CC src/data/rooms/chozodia/chozodia_37.s
  CC src/data/rooms/chozodia/chozodia_38.s
  CC src/data/rooms/chozodia/chozodia_39.s
  CC src/data/rooms/chozodia/chozodia_3.s
  CC src/data/rooms/chozodia/chozodia_40.s
  CC src/data/rooms/chozodia/chozodia_41.s
  CC src/data/rooms/chozodia/chozodia_43.s
  CC src/data/rooms/chozodia/chozodia_42.s
  CC src/data/rooms/chozodia/chozodia_44.s
  CC src/data/rooms/chozodia/chozodia_45.s
  CC src/data/rooms/chozodia/chozodia_46.s
  CC src/data/rooms/chozodia/chozodia_47.s
  CC src/data/rooms/chozodia/chozodia_48.s
  CC src/data/rooms/chozodia/chozodia_49.s
  CC src/data/rooms/chozodia/chozodia_4.s
  CC src/data/rooms/chozodia/chozodia_50.s
  CC src/data/rooms/chozodia/chozodia_51.s
  CC src/data/rooms/chozodia/chozodia_52.s
  CC src/data/rooms/chozodia/chozodia_53.s
  CC src/data/rooms/chozodia/chozodia_54.s
  CC src/data/rooms/chozodia/chozodia_55.s
  CC src/data/rooms/chozodia/chozodia_56.s
  CC src/data/rooms/chozodia/chozodia_57.s
  CC src/data/rooms/chozodia/chozodia_58.s
  CC src/data/rooms/chozodia/chozodia_59.s
  CC src/data/rooms/chozodia/chozodia_5.s
  CC src/data/rooms/chozodia/chozodia_60.s
  CC src/data/rooms/chozodia/chozodia_61.s
  CC src/data/rooms/chozodia/chozodia_62.s
  CC src/data/rooms/chozodia/chozodia_63.s
  CC src/data/rooms/chozodia/chozodia_64.s
  CC src/data/rooms/chozodia/chozodia_65.s
  CC src/data/rooms/chozodia/chozodia_66.s
  CC src/data/rooms/chozodia/chozodia_67.s
  CC src/data/rooms/chozodia/chozodia_68.s
  CC src/data/rooms/chozodia/chozodia_69.s
  CC src/data/rooms/chozodia/chozodia_6.s
  CC src/data/rooms/chozodia/chozodia_70.s
  CC src/data/rooms/chozodia/chozodia_71.s
  CC src/data/rooms/chozodia/chozodia_72.s
  CC src/data/rooms/chozodia/chozodia_73.s
  CC src/data/rooms/chozodia/chozodia_74.s
  CC src/data/rooms/chozodia/chozodia_75.s
  CC src/data/rooms/chozodia/chozodia_76.s
  CC src/data/rooms/chozodia/chozodia_77.s
  CC src/data/rooms/chozodia/chozodia_78.s
  CC src/data/rooms/chozodia/chozodia_79.s
  CC src/data/rooms/chozodia/chozodia_7.s
  CC src/data/rooms/chozodia/chozodia_81.s
  CC src/data/rooms/chozodia/chozodia_80.s
  CC src/data/rooms/chozodia/chozodia_82.s
  CC src/data/rooms/chozodia/chozodia_83.s
  CC src/data/rooms/chozodia/chozodia_84.s
  CC src/data/rooms/chozodia/chozodia_85.s
  CC src/data/rooms/chozodia/chozodia_86.s
  CC src/data/rooms/chozodia/chozodia_87.s
  CC src/data/rooms/chozodia/chozodia_88.s
  CC src/data/rooms/chozodia/chozodia_89.s
  CC src/data/rooms/chozodia/chozodia_8.s
  CC src/data/rooms/chozodia/chozodia_90.s
  CC src/data/rooms/chozodia/chozodia_91.s
  CC src/data/rooms/chozodia/chozodia_92.s
  CC src/data/rooms/chozodia/chozodia_93.s
  CC src/data/rooms/chozodia/chozodia_94.s
  CC src/data/rooms/chozodia/chozodia_95.s
  CC src/data/rooms/chozodia/chozodia_96.s
  CC src/data/rooms/chozodia/chozodia_97.s
  CC src/data/rooms/chozodia/chozodia_98.s
  CC src/data/rooms/chozodia/chozodia_9.s
  CC src/data/rooms/crateria/bg3.s
  CC src/data/rooms/crateria/crateria_0.s
  CC src/data/rooms/crateria/crateria_10.s
  CC src/data/rooms/crateria/crateria_11.s
  CC src/data/rooms/crateria/crateria_13.s
  CC src/data/rooms/crateria/crateria_12.s
  CC src/data/rooms/crateria/crateria_14.s
  CC src/data/rooms/crateria/crateria_15.s
  CC src/data/rooms/crateria/crateria_16.s
  CC src/data/rooms/crateria/crateria_17.s
  CC src/data/rooms/crateria/crateria_18.s
  CC src/data/rooms/crateria/crateria_19.s
  CC src/data/rooms/crateria/crateria_1.s
  CC src/data/rooms/crateria/crateria_20.s
  CC src/data/rooms/crateria/crateria_21.s
  CC src/data/rooms/crateria/crateria_2.s
  CC src/data/rooms/crateria/crateria_3.s
  CC src/data/rooms/crateria/crateria_4.s
  CC src/data/rooms/crateria/crateria_5.s
  CC src/data/rooms/crateria/crateria_6.s
  CC src/data/rooms/crateria/crateria_7.s
  CC src/data/rooms/crateria/crateria_8.s
  CC src/data/rooms/crateria/crateria_9.s
  CC src/data/rooms/kraid/bg3.s
  CC src/data/rooms/kraid/kraid_0.s
  CC src/data/rooms/kraid/kraid_10.s
  CC src/data/rooms/kraid/kraid_11.s
  CC src/data/rooms/kraid/kraid_12.s
  CC src/data/rooms/kraid/kraid_13.s
  CC src/data/rooms/kraid/kraid_14.s
  CC src/data/rooms/kraid/kraid_15.s
  CC src/data/rooms/kraid/kraid_16.s
  CC src/data/rooms/kraid/kraid_17.s
  CC src/data/rooms/kraid/kraid_18.s
  CC src/data/rooms/kraid/kraid_19.s
  CC src/data/rooms/kraid/kraid_1.s
  CC src/data/rooms/kraid/kraid_20.s
  CC src/data/rooms/kraid/kraid_22.s
  CC src/data/rooms/kraid/kraid_21.s
  CC src/data/rooms/kraid/kraid_23.s
  CC src/data/rooms/kraid/kraid_24.s
  CC src/data/rooms/kraid/kraid_25.s
  CC src/data/rooms/kraid/kraid_26.s
  CC src/data/rooms/kraid/kraid_27.s
  CC src/data/rooms/kraid/kraid_28.s
  CC src/data/rooms/kraid/kraid_29.s
  CC src/data/rooms/kraid/kraid_2.s
  CC src/data/rooms/kraid/kraid_30.s
  CC src/data/rooms/kraid/kraid_31.s
  CC src/data/rooms/kraid/kraid_32.s
  CC src/data/rooms/kraid/kraid_33.s
  CC src/data/rooms/kraid/kraid_34.s
  CC src/data/rooms/kraid/kraid_35.s
  CC src/data/rooms/kraid/kraid_36.s
  CC src/data/rooms/kraid/kraid_37.s
  CC src/data/rooms/kraid/kraid_38.s
  CC src/data/rooms/kraid/kraid_39.s
  CC src/data/rooms/kraid/kraid_3.s
  CC src/data/rooms/kraid/kraid_40.s
  CC src/data/rooms/kraid/kraid_41.s
  CC src/data/rooms/kraid/kraid_5.s
  CC src/data/rooms/kraid/kraid_4.s
  CC src/data/rooms/kraid/kraid_6.s
  CC src/data/rooms/kraid/kraid_7.s
  CC src/data/rooms/kraid/kraid_8.s
  CC src/data/rooms/kraid/kraid_9.s
  CC src/data/rooms/norfair/bg3.s
  CC src/data/rooms/norfair/norfair_0.s
  CC src/data/rooms/norfair/norfair_10.s
  CC src/data/rooms/norfair/norfair_11.s
  CC src/data/rooms/norfair/norfair_12.s
  CC src/data/rooms/norfair/norfair_13.s
  CC src/data/rooms/norfair/norfair_14.s
  CC src/data/rooms/norfair/norfair_15.s
  CC src/data/rooms/norfair/norfair_16.s
  CC src/data/rooms/norfair/norfair_17.s
  CC src/data/rooms/norfair/norfair_18.s
  CC src/data/rooms/norfair/norfair_19.s
  CC src/data/rooms/norfair/norfair_1.s
  CC src/data/rooms/norfair/norfair_20.s
  CC src/data/rooms/norfair/norfair_21.s
  CC src/data/rooms/norfair/norfair_22.s
  CC src/data/rooms/norfair/norfair_23.s
  CC src/data/rooms/norfair/norfair_24.s
  CC src/data/rooms/norfair/norfair_25.s
  CC src/data/rooms/norfair/norfair_26.s
  CC src/data/rooms/norfair/norfair_27.s
  CC src/data/rooms/norfair/norfair_28.s
  CC src/data/rooms/norfair/norfair_29.s
  CC src/data/rooms/norfair/norfair_2.s
  CC src/data/rooms/norfair/norfair_31.s
  CC src/data/rooms/norfair/norfair_30.s
  CC src/data/rooms/norfair/norfair_32.s
  CC src/data/rooms/norfair/norfair_33.s
  CC src/data/rooms/norfair/norfair_34.s
  CC src/data/rooms/norfair/norfair_35.s
  CC src/data/rooms/norfair/norfair_36.s
  CC src/data/rooms/norfair/norfair_37.s
  CC src/data/rooms/norfair/norfair_38.s
  CC src/data/rooms/norfair/norfair_39.s
  CC src/data/rooms/norfair/norfair_3.s
  CC src/data/rooms/norfair/norfair_40.s
  CC src/data/rooms/norfair/norfair_41.s
  CC src/data/rooms/norfair/norfair_42.s
  CC src/data/rooms/norfair/norfair_43.s
  CC src/data/rooms/norfair/norfair_44.s
  CC src/data/rooms/norfair/norfair_45.s
  CC src/data/rooms/norfair/norfair_46.s
  CC src/data/rooms/norfair/norfair_47.s
  CC src/data/rooms/norfair/norfair_48.s
  CC src/data/rooms/norfair/norfair_49.s
  CC src/data/rooms/norfair/norfair_4.s
  CC src/data/rooms/norfair/norfair_50.s
  CC src/data/rooms/norfair/norfair_51.s
  CC src/data/rooms/norfair/norfair_52.s
  CC src/data/rooms/norfair/norfair_53.s
  CC src/data/rooms/norfair/norfair_54.s
  CC src/data/rooms/norfair/norfair_55.s
  CC src/data/rooms/norfair/norfair_56.s
  CC src/data/rooms/norfair/norfair_5.s
  CC src/data/rooms/norfair/norfair_6.s
  CC src/data/rooms/norfair/norfair_7.s
  CC src/data/rooms/norfair/norfair_8.s
  CC src/data/rooms/norfair/norfair_9.s
  CC src/data/rooms/ridley/bg3.s
  CC src/data/rooms/ridley/ridley_0.s
  CC src/data/rooms/ridley/ridley_10.s
  CC src/data/rooms/ridley/ridley_11.s
  CC src/data/rooms/ridley/ridley_12.s
  CC src/data/rooms/ridley/ridley_13.s
  CC src/data/rooms/ridley/ridley_14.s
  CC src/data/rooms/ridley/ridley_15.s
  CC src/data/rooms/ridley/ridley_16.s
  CC src/data/rooms/ridley/ridley_17.s
  CC src/data/rooms/ridley/ridley_18.s
  CC src/data/rooms/ridley/ridley_19.s
  CC src/data/rooms/ridley/ridley_1.s
  CC src/data/rooms/ridley/ridley_20.s
  CC src/data/rooms/ridley/ridley_21.s
  CC src/data/rooms/ridley/ridley_22.s
  CC src/data/rooms/ridley/ridley_23.s
  CC src/data/rooms/ridley/ridley_24.s
  CC src/data/rooms/ridley/ridley_25.s
  CC src/data/rooms/ridley/ridley_26.s
  CC src/data/rooms/ridley/ridley_27.s
  CC src/data/rooms/ridley/ridley_28.s
  CC src/data/rooms/ridley/ridley_29.s
  CC src/data/rooms/ridley/ridley_2.s
  CC src/data/rooms/ridley/ridley_30.s
  CC src/data/rooms/ridley/ridley_31.s
  CC src/data/rooms/ridley/ridley_32.s
  CC src/data/rooms/ridley/ridley_3.s
  CC src/data/rooms/ridley/ridley_4.s
  CC src/data/rooms/ridley/ridley_5.s
  CC src/data/rooms/ridley/ridley_6.s
  CC src/data/rooms/ridley/ridley_7.s
  CC src/data/rooms/ridley/ridley_8.s
  CC src/data/rooms/ridley/ridley_9.s
  CC src/data/rooms/tourian/bg3.s
  CC src/data/rooms/tourian/tourian_0.s
  CC src/data/rooms/tourian/tourian_10.s
  CC src/data/rooms/tourian/tourian_11.s
  CC src/data/rooms/tourian/tourian_12.s
  CC src/data/rooms/tourian/tourian_13.s
  CC src/data/rooms/tourian/tourian_14.s
  CC src/data/rooms/tourian/tourian_15.s
  CC src/data/rooms/tourian/tourian_16.s
  CC src/data/rooms/tourian/tourian_17.s
  CC src/data/rooms/tourian/tourian_18.s
  CC src/data/rooms/tourian/tourian_19.s
  CC src/data/rooms/tourian/tourian_2.s
  CC src/data/rooms/tourian/tourian_1.s
  CC src/data/rooms/tourian/tourian_3.s
  CC src/data/rooms/tourian/tourian_4.s
  CC src/data/rooms/tourian/tourian_5.s
  CC src/data/rooms/tourian/tourian_6.s
  CC src/data/rooms/tourian/tourian_8.s
  CC src/data/rooms/tourian/tourian_7.s
  CC src/data/rooms/tourian/tourian_9.s
  AS asm/audio_internal.o
  AS asm/crt0.o
  AS asm/intr_main.o
  AS asm/romheader.o
  AS asm/soundcode.o
  AS sound/direct_sound_data.o
  AS asm/syscalls.o
  AS sound/m_play_def.o
  AS sound/programmable_wave_data.o
  AS sound/sound_entries.o
  AS sound/track_data.o
  AS sound/voice_groups.o
  AS sound/tracks/track_0.o
  AS sound/tracks/track_100.o
  AS sound/tracks/track_101.o
  AS sound/tracks/track_102.o
  AS sound/tracks/track_103.o
  AS sound/tracks/track_104.o
  AS sound/tracks/track_105.o
  AS sound/tracks/track_106.o
  AS sound/tracks/track_108.o
  AS sound/tracks/track_107.o
  AS sound/tracks/track_109.o
  AS sound/tracks/track_10.o
  AS sound/tracks/track_110.o
  AS sound/tracks/track_111.o
  AS sound/tracks/track_112.o
  AS sound/tracks/track_113.o
  AS sound/tracks/track_114.o
  AS sound/tracks/track_115.o
  AS sound/tracks/track_116.o
  AS sound/tracks/track_117.o
  AS sound/tracks/track_118.o
  AS sound/tracks/track_119.o
  AS sound/tracks/track_11.o
  AS sound/tracks/track_120.o
  AS sound/tracks/track_121.o
  AS sound/tracks/track_122.o
  AS sound/tracks/track_123.o
  AS sound/tracks/track_124.o
  AS sound/tracks/track_125.o
  AS sound/tracks/track_126.o
  AS sound/tracks/track_127.o
  AS sound/tracks/track_128.o
  AS sound/tracks/track_129.o
  AS sound/tracks/track_12.o
  AS sound/tracks/track_130.o
  AS sound/tracks/track_131.o
  AS sound/tracks/track_132.o
  AS sound/tracks/track_133.o
  AS sound/tracks/track_134.o
  AS sound/tracks/track_135.o
  AS sound/tracks/track_136.o
  AS sound/tracks/track_137.o
  AS sound/tracks/track_138.o
  AS sound/tracks/track_139.o
  AS sound/tracks/track_13.o
  AS sound/tracks/track_140.o
  AS sound/tracks/track_141.o
  AS sound/tracks/track_142.o
  AS sound/tracks/track_143.o
  AS sound/tracks/track_144.o
  AS sound/tracks/track_145.o
  AS sound/tracks/track_146.o
  AS sound/tracks/track_147.o
  AS sound/tracks/track_148.o
  AS sound/tracks/track_149.o
  AS sound/tracks/track_14.o
  AS sound/tracks/track_150.o
  AS sound/tracks/track_151.o
  AS sound/tracks/track_152.o
  AS sound/tracks/track_153.o
  AS sound/tracks/track_154.o
  AS sound/tracks/track_155.o
  AS sound/tracks/track_156.o
  AS sound/tracks/track_157.o
  AS sound/tracks/track_158.o
  AS sound/tracks/track_159.o
  AS sound/tracks/track_15.o
  AS sound/tracks/track_160.o
  AS sound/tracks/track_161.o
  AS sound/tracks/track_162.o
  AS sound/tracks/track_163.o
  AS sound/tracks/track_164.o
  AS sound/tracks/track_165.o
  AS sound/tracks/track_166.o
  AS sound/tracks/track_167.o
  AS sound/tracks/track_168.o
  AS sound/tracks/track_169.o
  AS sound/tracks/track_16.o
  AS sound/tracks/track_170.o
  AS sound/tracks/track_171.o
  AS sound/tracks/track_172.o
  AS sound/tracks/track_173.o
  AS sound/tracks/track_174.o
  AS sound/tracks/track_175.o
  AS sound/tracks/track_176.o
  AS sound/tracks/track_177.o
  AS sound/tracks/track_178.o
  AS sound/tracks/track_179.o
  AS sound/tracks/track_17.o
  AS sound/tracks/track_180.o
  AS sound/tracks/track_181.o
  AS sound/tracks/track_182.o
  AS sound/tracks/track_183.o
  AS sound/tracks/track_184.o
  AS sound/tracks/track_185.o
  AS sound/tracks/track_186.o
  AS sound/tracks/track_187.o
  AS sound/tracks/track_188.o
  AS sound/tracks/track_189.o
  AS sound/tracks/track_18.o
  AS sound/tracks/track_190.o
  AS sound/tracks/track_191.o
  AS sound/tracks/track_192.o
  AS sound/tracks/track_193.o
  AS sound/tracks/track_194.o
  AS sound/tracks/track_195.o
  AS sound/tracks/track_196.o
  AS sound/tracks/track_197.o
  AS sound/tracks/track_19.o
  AS sound/tracks/track_1.o
  AS sound/tracks/track_200.o
  AS sound/tracks/track_201.o
  AS sound/tracks/track_202.o
  AS sound/tracks/track_203.o
  AS sound/tracks/track_204.o
  AS sound/tracks/track_205.o
  AS sound/tracks/track_206.o
  AS sound/tracks/track_207.o
  AS sound/tracks/track_208.o
  AS sound/tracks/track_209.o
  AS sound/tracks/track_20.o
  AS sound/tracks/track_210.o
  AS sound/tracks/track_211.o
  AS sound/tracks/track_212.o
  AS sound/tracks/track_213.o
  AS sound/tracks/track_214.o
  AS sound/tracks/track_215.o
  AS sound/tracks/track_216.o
  AS sound/tracks/track_217.o
  AS sound/tracks/track_218.o
  AS sound/tracks/track_219.o
  AS sound/tracks/track_21.o
  AS sound/tracks/track_220.o
  AS sound/tracks/track_221.o
  AS sound/tracks/track_222.o
  AS sound/tracks/track_223.o
  AS sound/tracks/track_224.o
  AS sound/tracks/track_225.o
  AS sound/tracks/track_226.o
  AS sound/tracks/track_227.o
  AS sound/tracks/track_228.o
  AS sound/tracks/track_229.o
  AS sound/tracks/track_22.o
  AS sound/tracks/track_230.o
  AS sound/tracks/track_231.o
  AS sound/tracks/track_232.o
  AS sound/tracks/track_233.o
  AS sound/tracks/track_234.o
  AS sound/tracks/track_235.o
  AS sound/tracks/track_236.o
  AS sound/tracks/track_237.o
  AS sound/tracks/track_238.o
  AS sound/tracks/track_239.o
  AS sound/tracks/track_23.o
  AS sound/tracks/track_240.o
  AS sound/tracks/track_241.o
  AS sound/tracks/track_242.o
  AS sound/tracks/track_243.o
  AS sound/tracks/track_244.o
  AS sound/tracks/track_245.o
  AS sound/tracks/track_246.o
  AS sound/tracks/track_247.o
  AS sound/tracks/track_248.o
  AS sound/tracks/track_249.o
  AS sound/tracks/track_24.o
  AS sound/tracks/track_250.o
  AS sound/tracks/track_251.o
  AS sound/tracks/track_252.o
  AS sound/tracks/track_253.o
  AS sound/tracks/track_254.o
  AS sound/tracks/track_255.o
  AS sound/tracks/track_256.o
  AS sound/tracks/track_257.o
  AS sound/tracks/track_258.o
  AS sound/tracks/track_259.o
  AS sound/tracks/track_25.o
  AS sound/tracks/track_260.o
  AS sound/tracks/track_261.o
  AS sound/tracks/track_262.o
  AS sound/tracks/track_263.o
  AS sound/tracks/track_265.o
  AS sound/tracks/track_266.o
  AS sound/tracks/track_267.o
  AS sound/tracks/track_268.o
  AS sound/tracks/track_269.o
  AS sound/tracks/track_26.o
  AS sound/tracks/track_270.o
  AS sound/tracks/track_271.o
  AS sound/tracks/track_272.o
  AS sound/tracks/track_273.o
  AS sound/tracks/track_274.o
  AS sound/tracks/track_275.o
  AS sound/tracks/track_276.o
  AS sound/tracks/track_277.o
  AS sound/tracks/track_278.o
  AS sound/tracks/track_279.o
  AS sound/tracks/track_27.o
  AS sound/tracks/track_280.o
  AS sound/tracks/track_281.o
  AS sound/tracks/track_282.o
  AS sound/tracks/track_283.o
  AS sound/tracks/track_284.o
  AS sound/tracks/track_285.o
  AS sound/tracks/track_286.o
  AS sound/tracks/track_287.o
  AS sound/tracks/track_288.o
  AS sound/tracks/track_289.o
  AS sound/tracks/track_28.o
  AS sound/tracks/track_290.o
  AS sound/tracks/track_291.o
  AS sound/tracks/track_292.o
  AS sound/tracks/track_293.o
  AS sound/tracks/track_294.o
  AS sound/tracks/track_295.o
  AS sound/tracks/track_296.o
  AS sound/tracks/track_297.o
  AS sound/tracks/track_298.o
  AS sound/tracks/track_299.o
  AS sound/tracks/track_2.o
  AS sound/tracks/track_300.o
  AS sound/tracks/track_301.o
  AS sound/tracks/track_302.o
  AS sound/tracks/track_303.o
  AS sound/tracks/track_304.o
  AS sound/tracks/track_305.o
  AS sound/tracks/track_306.o
  AS sound/tracks/track_307.o
  AS sound/tracks/track_308.o
  AS sound/tracks/track_309.o
  AS sound/tracks/track_310.o
  AS sound/tracks/track_311.o
  AS sound/tracks/track_312.o
  AS sound/tracks/track_313.o
  AS sound/tracks/track_314.o
  AS sound/tracks/track_315.o
  AS sound/tracks/track_320.o
  AS sound/tracks/track_321.o
  AS sound/tracks/track_322.o
  AS sound/tracks/track_323.o
  AS sound/tracks/track_324.o
  AS sound/tracks/track_325.o
  AS sound/tracks/track_326.o
  AS sound/tracks/track_327.o
  AS sound/tracks/track_328.o
  AS sound/tracks/track_329.o
  AS sound/tracks/track_330.o
  AS sound/tracks/track_331.o
  AS sound/tracks/track_332.o
  AS sound/tracks/track_333.o
  AS sound/tracks/track_334.o
  AS sound/tracks/track_335.o
  AS sound/tracks/track_336.o
  AS sound/tracks/track_337.o
  AS sound/tracks/track_338.o
  AS sound/tracks/track_339.o
  AS sound/tracks/track_340.o
  AS sound/tracks/track_341.o
  AS sound/tracks/track_342.o
  AS sound/tracks/track_343.o
  AS sound/tracks/track_344.o
  AS sound/tracks/track_345.o
  AS sound/tracks/track_346.o
  AS sound/tracks/track_347.o
  AS sound/tracks/track_348.o
  AS sound/tracks/track_349.o
  AS sound/tracks/track_350.o
  AS sound/tracks/track_351.o
  AS sound/tracks/track_352.o
  AS sound/tracks/track_353.o
  AS sound/tracks/track_354.o
  AS sound/tracks/track_355.o
  AS sound/tracks/track_356.o
  AS sound/tracks/track_357.o
  AS sound/tracks/track_358.o
  AS sound/tracks/track_359.o
  AS sound/tracks/track_360.o
  AS sound/tracks/track_361.o
  AS sound/tracks/track_362.o
  AS sound/tracks/track_363.o
  AS sound/tracks/track_364.o
  AS sound/tracks/track_365.o
  AS sound/tracks/track_366.o
  AS sound/tracks/track_367.o
  AS sound/tracks/track_368.o
  AS sound/tracks/track_369.o
  AS sound/tracks/track_370.o
  AS sound/tracks/track_371.o
  AS sound/tracks/track_372.o
  AS sound/tracks/track_373.o
  AS sound/tracks/track_374.o
  AS sound/tracks/track_375.o
  AS sound/tracks/track_376.o
  AS sound/tracks/track_377.o
  AS sound/tracks/track_378.o
  AS sound/tracks/track_379.o
  AS sound/tracks/track_380.o
  AS sound/tracks/track_381.o
  AS sound/tracks/track_382.o
  AS sound/tracks/track_383.o
  AS sound/tracks/track_384.o
  AS sound/tracks/track_385.o
  AS sound/tracks/track_386.o
  AS sound/tracks/track_387.o
  AS sound/tracks/track_388.o
  AS sound/tracks/track_389.o
  AS sound/tracks/track_390.o
  AS sound/tracks/track_391.o
  AS sound/tracks/track_392.o
  AS sound/tracks/track_393.o
  AS sound/tracks/track_394.o
  AS sound/tracks/track_395.o
  AS sound/tracks/track_396.o
  AS sound/tracks/track_397.o
  AS sound/tracks/track_398.o
  AS sound/tracks/track_399.o
  AS sound/tracks/track_3.o
  AS sound/tracks/track_400.o
  AS sound/tracks/track_401.o
  AS sound/tracks/track_402.o
  AS sound/tracks/track_403.o
  AS sound/tracks/track_404.o
  AS sound/tracks/track_405.o
  AS sound/tracks/track_406.o
  AS sound/tracks/track_407.o
  AS sound/tracks/track_408.o
  AS sound/tracks/track_409.o
  AS sound/tracks/track_410.o
  AS sound/tracks/track_411.o
  AS sound/tracks/track_412.o
  AS sound/tracks/track_413.o
  AS sound/tracks/track_414.o
  AS sound/tracks/track_415.o
  AS sound/tracks/track_416.o
  AS sound/tracks/track_417.o
  AS sound/tracks/track_418.o
  AS sound/tracks/track_419.o
  AS sound/tracks/track_420.o
  AS sound/tracks/track_421.o
  AS sound/tracks/track_422.o
  AS sound/tracks/track_423.o
  AS sound/tracks/track_424.o
  AS sound/tracks/track_425.o
  AS sound/tracks/track_426.o
  AS sound/tracks/track_427.o
  AS sound/tracks/track_428.o
  AS sound/tracks/track_429.o
  AS sound/tracks/track_430.o
  AS sound/tracks/track_431.o
  AS sound/tracks/track_432.o
  AS sound/tracks/track_433.o
  AS sound/tracks/track_434.o
  AS sound/tracks/track_435.o
  AS sound/tracks/track_436.o
  AS sound/tracks/track_437.o
  AS sound/tracks/track_438.o
  AS sound/tracks/track_439.o
  AS sound/tracks/track_440.o
  AS sound/tracks/track_441.o
  AS sound/tracks/track_442.o
  AS sound/tracks/track_443.o
  AS sound/tracks/track_444.o
  AS sound/tracks/track_445.o
  AS sound/tracks/track_446.o
  AS sound/tracks/track_447.o
  AS sound/tracks/track_448.o
  AS sound/tracks/track_449.o
  AS sound/tracks/track_450.o
  AS sound/tracks/track_451.o
  AS sound/tracks/track_452.o
  AS sound/tracks/track_453.o
  AS sound/tracks/track_454.o
  AS sound/tracks/track_455.o
  AS sound/tracks/track_456.o
  AS sound/tracks/track_457.o
  AS sound/tracks/track_458.o
  AS sound/tracks/track_459.o
  AS sound/tracks/track_460.o
  AS sound/tracks/track_461.o
  AS sound/tracks/track_462.o
  AS sound/tracks/track_463.o
  AS sound/tracks/track_464.o
  AS sound/tracks/track_465.o
  AS sound/tracks/track_466.o
  AS sound/tracks/track_467.o
  AS sound/tracks/track_468.o
  AS sound/tracks/track_469.o
  AS sound/tracks/track_470.o
  AS sound/tracks/track_471.o
  AS sound/tracks/track_472.o
  AS sound/tracks/track_473.o
  AS sound/tracks/track_474.o
  AS sound/tracks/track_475.o
  AS sound/tracks/track_476.o
  AS sound/tracks/track_477.o
  AS sound/tracks/track_478.o
  AS sound/tracks/track_479.o
  AS sound/tracks/track_480.o
  AS sound/tracks/track_481.o
  AS sound/tracks/track_482.o
  AS sound/tracks/track_483.o
  AS sound/tracks/track_484.o
  AS sound/tracks/track_485.o
  AS sound/tracks/track_486.o
  AS sound/tracks/track_487.o
  AS sound/tracks/track_488.o
  AS sound/tracks/track_489.o
  AS sound/tracks/track_490.o
  AS sound/tracks/track_491.o
  AS sound/tracks/track_492.o
  AS sound/tracks/track_493.o
  AS sound/tracks/track_494.o
  AS sound/tracks/track_495.o
  AS sound/tracks/track_496.o
  AS sound/tracks/track_497.o
  AS sound/tracks/track_498.o
  AS sound/tracks/track_4.o
  AS sound/tracks/track_500.o
  AS sound/tracks/track_501.o
  AS sound/tracks/track_502.o
  AS sound/tracks/track_503.o
  AS sound/tracks/track_504.o
  AS sound/tracks/track_505.o
  AS sound/tracks/track_506.o
  AS sound/tracks/track_507.o
  AS sound/tracks/track_508.o
  AS sound/tracks/track_509.o
  AS sound/tracks/track_50.o
  AS sound/tracks/track_510.o
  AS sound/tracks/track_511.o
  AS sound/tracks/track_512.o
  AS sound/tracks/track_513.o
  AS sound/tracks/track_514.o
  AS sound/tracks/track_515.o
  AS sound/tracks/track_516.o
  AS sound/tracks/track_517.o
  AS sound/tracks/track_518.o
  AS sound/tracks/track_519.o
  AS sound/tracks/track_51.o
  AS sound/tracks/track_520.o
  AS sound/tracks/track_521.o
  AS sound/tracks/track_522.o
  AS sound/tracks/track_523.o
  AS sound/tracks/track_524.o
  AS sound/tracks/track_525.o
  AS sound/tracks/track_526.o
  AS sound/tracks/track_527.o
  AS sound/tracks/track_528.o
  AS sound/tracks/track_529.o
  AS sound/tracks/track_52.o
  AS sound/tracks/track_530.o
  AS sound/tracks/track_531.o
  AS sound/tracks/track_532.o
  AS sound/tracks/track_533.o
  AS sound/tracks/track_53.o
  AS sound/tracks/track_540.o
  AS sound/tracks/track_541.o
  AS sound/tracks/track_542.o
  AS sound/tracks/track_543.o
  AS sound/tracks/track_544.o
  AS sound/tracks/track_545.o
  AS sound/tracks/track_546.o
  AS sound/tracks/track_547.o
  AS sound/tracks/track_548.o
  AS sound/tracks/track_549.o
  AS sound/tracks/track_54.o
  AS sound/tracks/track_550.o
  AS sound/tracks/track_551.o
  AS sound/tracks/track_552.o
  AS sound/tracks/track_553.o
  AS sound/tracks/track_554.o
  AS sound/tracks/track_555.o
  AS sound/tracks/track_556.o
  AS sound/tracks/track_557.o
  AS sound/tracks/track_558.o
  AS sound/tracks/track_559.o
  AS sound/tracks/track_55.o
  AS sound/tracks/track_560.o
  AS sound/tracks/track_561.o
  AS sound/tracks/track_562.o
  AS sound/tracks/track_563.o
  AS sound/tracks/track_564.o
  AS sound/tracks/track_565.o
  AS sound/tracks/track_566.o
  AS sound/tracks/track_567.o
  AS sound/tracks/track_568.o
  AS sound/tracks/track_569.o
  AS sound/tracks/track_56.o
  AS sound/tracks/track_570.o
  AS sound/tracks/track_571.o
  AS sound/tracks/track_572.o
  AS sound/tracks/track_573.o
  AS sound/tracks/track_574.o
  AS sound/tracks/track_575.o
  AS sound/tracks/track_576.o
  AS sound/tracks/track_577.o
  AS sound/tracks/track_579.o
  AS sound/tracks/track_57.o
  AS sound/tracks/track_580.o
  AS sound/tracks/track_581.o
  AS sound/tracks/track_582.o
  AS sound/tracks/track_583.o
  AS sound/tracks/track_584.o
  AS sound/tracks/track_585.o
  AS sound/tracks/track_586.o
  AS sound/tracks/track_587.o
  AS sound/tracks/track_588.o
  AS sound/tracks/track_589.o
  AS sound/tracks/track_58.o
  AS sound/tracks/track_590.o
  AS sound/tracks/track_591.o
  AS sound/tracks/track_592.o
  AS sound/tracks/track_593.o
  AS sound/tracks/track_594.o
  AS sound/tracks/track_595.o
  AS sound/tracks/track_596.o
  AS sound/tracks/track_597.o
  AS sound/tracks/track_598.o
  AS sound/tracks/track_599.o
  AS sound/tracks/track_59.o
  AS sound/tracks/track_5.o
  AS sound/tracks/track_600.o
  AS sound/tracks/track_601.o
  AS sound/tracks/track_602.o
  AS sound/tracks/track_603.o
  AS sound/tracks/track_604.o
  AS sound/tracks/track_605.o
  AS sound/tracks/track_606.o
  AS sound/tracks/track_607.o
  AS sound/tracks/track_608.o
  AS sound/tracks/track_609.o
  AS sound/tracks/track_60.o
  AS sound/tracks/track_610.o
  AS sound/tracks/track_611.o
  AS sound/tracks/track_612.o
  AS sound/tracks/track_613.o
  AS sound/tracks/track_614.o
  AS sound/tracks/track_615.o
  AS sound/tracks/track_616.o
  AS sound/tracks/track_617.o
  AS sound/tracks/track_618.o
  AS sound/tracks/track_619.o
  AS sound/tracks/track_61.o
  AS sound/tracks/track_620.o
  AS sound/tracks/track_621.o
  AS sound/tracks/track_622.o
  AS sound/tracks/track_623.o
  AS sound/tracks/track_624.o
  AS sound/tracks/track_625.o
  AS sound/tracks/track_62.o
  AS sound/tracks/track_630.o
  AS sound/tracks/track_631.o
  AS sound/tracks/track_632.o
  AS sound/tracks/track_633.o
  AS sound/tracks/track_634.o
  AS sound/tracks/track_63.o
  AS sound/tracks/track_64.o
  AS sound/tracks/track_651.o
  AS sound/tracks/track_652.o
  AS sound/tracks/track_653.o
  AS sound/tracks/track_654.o
  AS sound/tracks/track_655.o
  AS sound/tracks/track_656.o
  AS sound/tracks/track_657.o
  AS sound/tracks/track_658.o
  AS sound/tracks/track_659.o
  AS sound/tracks/track_65.o
  AS sound/tracks/track_660.o
  AS sound/tracks/track_661.o
  AS sound/tracks/track_662.o
  AS sound/tracks/track_663.o
  AS sound/tracks/track_66.o
  AS sound/tracks/track_670.o
  AS sound/tracks/track_671.o
  AS sound/tracks/track_672.o
  AS sound/tracks/track_673.o
  AS sound/tracks/track_674.o
  AS sound/tracks/track_675.o
  AS sound/tracks/track_676.o
  AS sound/tracks/track_677.o
  AS sound/tracks/track_678.o
  AS sound/tracks/track_679.o
  AS sound/tracks/track_67.o
  AS sound/tracks/track_680.o
  AS sound/tracks/track_681.o
  AS sound/tracks/track_682.o
  AS sound/tracks/track_683.o
  AS sound/tracks/track_684.o
  AS sound/tracks/track_685.o
  AS sound/tracks/track_686.o
  AS sound/tracks/track_687.o
  AS sound/tracks/track_688.o
  AS sound/tracks/track_689.o
  AS sound/tracks/track_68.o
  AS sound/tracks/track_690.o
  AS sound/tracks/track_691.o
  AS sound/tracks/track_692.o
  AS sound/tracks/track_693.o
  AS sound/tracks/track_694.o
  AS sound/tracks/track_695.o
  AS sound/tracks/track_696.o
  AS sound/tracks/track_697.o
  AS sound/tracks/track_698.o
  AS sound/tracks/track_699.o
  AS sound/tracks/track_69.o
  AS sound/tracks/track_6.o
  AS sound/tracks/track_700.o
  AS sound/tracks/track_701.o
  AS sound/tracks/track_702.o
  AS sound/tracks/track_703.o
  AS sound/tracks/track_704.o
  AS sound/tracks/track_705.o
  AS sound/tracks/track_706.o
  AS sound/tracks/track_707.o
  AS sound/tracks/track_70.o
  AS sound/tracks/track_71.o
  AS sound/tracks/track_72.o
  AS sound/tracks/track_73.o
  AS sound/tracks/track_74.o
  AS sound/tracks/track_75.o
  AS sound/tracks/track_76.o
  AS sound/tracks/track_77.o
  AS sound/tracks/track_78.o
  AS sound/tracks/track_79.o
  AS sound/tracks/track_7.o
  AS sound/tracks/track_80.o
  AS sound/tracks/track_81.o
  AS sound/tracks/track_82.o
  AS sound/tracks/track_83.o
  AS sound/tracks/track_84.o
  AS sound/tracks/track_8.o
  AS sound/tracks/track_90.o
  AS sound/tracks/track_91.o
  AS sound/tracks/track_92.o
  AS sound/tracks/track_93.o
  AS sound/tracks/track_94.o
  AS sound/tracks/track_95.o
  AS sound/tracks/track_99.o
  AS sound/tracks/track_9.o
  CPP linker.ld.pp
  AS src/agbmain.o
  AS src/animated_graphics.o
  AS src/audio.o
  AS src/audio_wrappers.o
  AS src/bg_clip.o
  AS src/block.o
  AS src/cable_link.o
  AS src/callbacks.o
  AS src/chozodia_escape.o
  AS src/clipdata.o
  AS src/color_effects.o
  AS src/color_fading.o
  AS src/complex_oam.o
  AS src/connection.o
  AS src/demo.o
  AS src/demo_input.o
  AS src/display.o
  AS src/dma.o
  AS src/ending_and_gallery.o
  AS src/escape.o
  AS src/event.o
  AS src/fixed_point.o
  AS src/fusion_gallery.o
  AS src/gadora_hatch.o
  AS src/globals1.o
  AS src/globals2.o
  AS src/haze.o
  AS src/hud.o
  AS src/hud_generic.o
  AS src/in_game.o
  AS src/in_game_cutscene.o
  AS src/in_game_timer.o
  AS src/init_game.o
  AS src/init_helpers.o
  AS src/intro.o
  AS src/link.o
  AS src/location_text.o
  AS src/minimap.o
  AS src/multiboot.o
  AS src/music_wrappers.o
  AS src/oam_id.o
  AS src/particle.o
  AS src/power_bomb_explosion.o
  AS src/process_pause_press.o
  AS src/projectile.o
  AS src/projectile_util.o
  AS src/room.o
  AS src/room_cutscene.o
  AS src/room_music.o
  AS src/samus.o
  AS src/save_file.o
  AS src/save_file_load.o
  AS src/screen_shake.o
  AS src/scroll.o
  AS src/soft_reset.o
  AS src/soft_reset_input.o
  AS src/sprite.o
  AS src/sprite_util.o
  AS src/sram_misc.o
  AS src/syscall_wrappers.o
  AS src/text.o
  AS src/sprite_debris.o
  AS src/time_attack.o
  AS src/tourian_escape.o
  AS src/transfer.o
  AS src/transparency.o
  AS src/update_input.o
  AS src/cutscenes/before_ruins_test.o
  AS src/cutscenes/enter_tourian.o
  AS src/cutscenes/cutscene_utils.o
  AS src/cutscenes/getting_fully_powered_suit.o
  AS src/cutscenes/kraid_rising.o
  AS src/cutscenes/mecha_sees_samus.o
  AS src/cutscenes/mother_brain_close_up.o
  AS src/cutscenes/ridley_in_space.o
  AS src/cutscenes/ridley_spawn.o
  AS src/cutscenes/ridley_landing.o
  AS src/cutscenes/samus_in_blue_ship.o
  AS src/cutscenes/statue_opening.o
  AS src/cutscenes/story_text_cutscene.o
  AS src/data/animated_graphics_data.o
  AS src/data/animated_tiles_data.o
  AS src/data/audio.o
  AS src/data/block_data.o
  AS src/data/cable_link_data.o
  AS src/data/chozodia_escape_data.o
  AS src/data/clipdata_data.o
  AS src/data/clipdata_types.o
  AS src/data/clipdata_types_tilemap.o
  AS src/data/color_fading_data.o
  AS src/data/common_pals.o
  AS src/data/default_background_data.o
  AS src/data/demo_data.o
  AS src/data/empty_datatypes.o
  AS src/data/ending_and_gallery_data.o
  AS src/data/fusion_gallery_data.o
  AS src/data/generic_data.o
  AS src/data/hatch_data.o
  AS src/data/haze_data.o
  AS src/data/hud_data.o
  AS src/data/in_game_cutscene_data.o
  AS src/data/intro_data.o
  AS src/data/io_transfer_data.o
  AS src/data/music_track_data.o
  AS src/data/particle_data.o
  AS src/data/nes_metroid.o
  AS src/data/projectile_data.o
  AS src/data/rooms_data.o
  AS src/data/samus_close_up_data.o
  AS src/data/save_file_data.o
  AS src/data/shortcut_pointers.o
  AS src/data/sprite_data.o
  AS src/data/spriteset.o
src/data/shortcut_pointers.s: Assembler messages:
src/data/shortcut_pointers.s:5: Warning: setting incorrect section attributes for .rodata
  AS src/data/text_data.o
  AS src/data/tourian_escape_data.o
  AS src/data/visual_effects_data.o
  AS src/menus/boot_debug.o
  AS src/menus/erase_sram.o
  AS src/menus/file_select.o
  AS src/menus/pause_screen.o
  AS src/menus/game_over.o
  AS src/menus/pause_screen_map.o
  AS src/menus/pause_screen_sub_menus.o
  AS src/menus/status_screen.o
  AS src/menus/title_screen.o
  AS src/sprites_ai/acid_worm.o
  AS src/sprites_ai/area_banner.o
  AS src/sprites_ai/atomic.o
  AS src/sprites_ai/baristute.o
  AS src/sprites_ai/black_space_pirate.o
  AS src/sprites_ai/boss_statues.o
  AS src/sprites_ai/charge_beam.o
  AS src/sprites_ai/chozo_ball.o
  AS src/sprites_ai/chozo_statue.o
  AS src/sprites_ai/chozo_statue_movement.o
  AS src/sprites_ai/crocomire.o
  AS src/sprites_ai/deorem.o
  AS src/sprites_ai/dessgeega.o
  AS src/sprites_ai/dragon.o
  AS src/sprites_ai/elevator_pad.o
  AS src/sprites_ai/elevator_statue.o
  AS src/sprites_ai/enemy_drop.o
  AS src/sprites_ai/escape_gate.o
  AS src/sprites_ai/escape_ship_pirate.o
  AS src/sprites_ai/explosion_zebes_escape.o
  AS src/sprites_ai/escape_ship.o
  AS src/sprites_ai/falling_chozo_pillar.o
  AS src/sprites_ai/gadora.o
  AS src/sprites_ai/gamet.o
  AS src/sprites_ai/geega.o
  AS src/sprites_ai/gekitai_machine.o
  AS src/sprites_ai/geron.o
  AS src/sprites_ai/geron_norfair.o
  AS src/sprites_ai/geruta.o
  AS src/sprites_ai/glass_tube.o
  AS src/sprites_ai/gunship.o
  AS src/sprites_ai/hive.o
  AS src/sprites_ai/holtz.o
  AS src/sprites_ai/imago.o
  AS src/sprites_ai/imago_cocoon.o
  AS src/sprites_ai/imago_larva.o
  AS src/sprites_ai/imago_larva_right_side.o
  AS src/sprites_ai/kraid.o
  AS src/sprites_ai/map_station.o
  AS src/sprites_ai/mecha_ridley.o
  AS src/sprites_ai/mella.o
  AS src/sprites_ai/message_banner.o
  AS src/sprites_ai/metroid.o
  AS src/sprites_ai/morph_ball.o
  AS src/sprites_ai/morph_ball_launcher.o
  AS src/sprites_ai/mother_brain.o
  AS src/sprites_ai/multiviola.o
  AS src/sprites_ai/parasite.o
  AS src/sprites_ai/polyp.o
  AS src/sprites_ai/piston.o
  AS src/sprites_ai/power_grip.o
  AS src/sprites_ai/primary_sprite_b3.o
  AS src/sprites_ai/reo.o
  AS src/sprites_ai/ridley.o
  AS src/sprites_ai/rinka.o
  AS src/sprites_ai/ripper2.o
  AS src/sprites_ai/ripper.o
  AS src/sprites_ai/rising_chozo_pillar.o
  AS src/sprites_ai/ruins_test.o
  AS src/sprites_ai/save_platform.o
  AS src/sprites_ai/save_platform_chozodia.o
  AS src/sprites_ai/searchlight.o
  AS src/sprites_ai/searchlight_eye.o
  AS src/sprites_ai/security_gate.o
  AS src/sprites_ai/security_laser.o
  AS src/sprites_ai/sidehopper.o
  AS src/sprites_ai/skree.o
  AS src/sprites_ai/skultera.o
  AS src/sprites_ai/sova.o
  AS src/sprites_ai/space_pirate.o
  AS src/sprites_ai/space_pirate_carrying_power_bomb.o
  AS src/sprites_ai/squeept.o
  AS src/sprites_ai/steam.o
  AS src/sprites_ai/tangle_vine.o
  AS src/sprites_ai/unknown_item_block.o
  AS src/sprites_ai/unknown_item_chozo_statue.o
  AS src/sprites_ai/unused_sprites.o
  AS src/sprites_ai/viola.o
  AS src/sprites_ai/water_drop.o
  AS src/sprites_ai/waver.o
  AS src/sprites_ai/worker_robot.o
  AS src/sprites_ai/zebbo.o
  AS src/sprites_ai/zebetite_and_cannon.o
  AS src/sprites_ai/zeela.o
  AS src/sprites_ai/zipline.o
  AS src/sprites_ai/zeb.o
  AS src/sprites_ai/zipline_generator.o
  AS src/sprites_ai/zoomer.o
  AS src/sram/sram.o
  AS src/data/cutscenes/before_ruins_test_data.o
  AS src/data/cutscenes/cutscenes_data.o
  AS src/data/cutscenes/enter_tourian_data.o
  AS src/data/cutscenes/getting_fully_powered_suit_data.o
  AS src/data/cutscenes/kraid_rising_data.o
  AS src/data/cutscenes/mecha_sees_samus_data.o
  AS src/data/cutscenes/mother_brain_close_up_data.o
  AS src/data/cutscenes/ridley_in_space_data.o
  AS src/data/cutscenes/ridley_landing_data.o
  AS src/data/cutscenes/ridley_spawn_data.o
  AS src/data/cutscenes/samus_in_blue_ship_data.o
  AS src/data/cutscenes/statue_opening_data.o
  AS src/data/cutscenes/story_text_cutscene_data.o
  AS src/data/menus/boot_debug_data.o
  AS src/data/menus/erase_sram_data.o
  AS src/data/menus/file_select_data.o
  AS src/data/menus/language_select_data.o
  AS src/data/menus/game_over_data.o
  AS src/data/menus/pause_screen_data.o
  AS src/data/menus/pause_screen_map_data.o
  AS src/data/menus/status_screen_data.o
  AS src/data/menus/pause_screen_sub_menus_data.o
  AS src/data/menus/title_screen_data.o
  AS src/data/samus/arm_cannon_data.o
  AS src/data/samus/samus_animation_pointers.o
  AS src/data/rooms/test_rooms_data.o
  AS src/data/samus/samus_empty_data.o
  AS src/data/samus/samus_graphics.o
  AS src/data/samus/samus_palette_data.o
  AS src/data/sprites/area_banner.o
  AS src/data/sprites/acid_worm.o
  AS src/data/sprites/atomic.o
  AS src/data/sprites/baristute.o
  AS src/data/sprites/charge_beam.o
  AS src/data/sprites/boss_statues.o
  AS src/data/sprites/chozo_statue.o
  AS src/data/sprites/crocomire.o
  AS src/data/sprites/deorem.o
  AS src/data/sprites/dessgeega.o
  AS src/data/sprites/elevator_pad.o
  AS src/data/sprites/dragon.o
  AS src/data/sprites/elevator_statue.o
  AS src/data/sprites/escape_gate.o
  AS src/data/sprites/enemy_drop.o
  AS src/data/sprites/escape_ship.o
  AS src/data/sprites/falling_chozo_pillar.o
  AS src/data/sprites/gadora.o
  AS src/data/sprites/gamet.o
  AS src/data/sprites/geega.o
  AS src/data/sprites/gekitai_machine.o
  AS src/data/sprites/geron.o
  AS src/data/sprites/geron_norfair.o
  AS src/data/sprites/geruta.o
  AS src/data/sprites/glass_tube.o
  AS src/data/sprites/gunship.o
  AS src/data/sprites/hive.o
  AS src/data/sprites/holtz.o
  AS src/data/sprites/imago.o
  AS src/data/sprites/imago_cocoon.o
  AS src/data/sprites/imago_larva.o
  AS src/data/sprites/imago_larva_right_side.o
  AS src/data/sprites/kraid.o
  AS src/data/sprites/map_station.o
  AS src/data/sprites/mecha_ridley.o
  AS src/data/sprites/mella.o
  AS src/data/sprites/message_banner.o
  AS src/data/sprites/metroid.o
  AS src/data/sprites/morph_ball.o
  AS src/data/sprites/morph_ball_launcher.o
  AS src/data/sprites/mother_brain.o
  AS src/data/sprites/multiviola.o
  AS src/data/sprites/parasite.o
  AS src/data/sprites/piston.o
  AS src/data/sprites/polyp.o
  AS src/data/sprites/power_grip.o
  AS src/data/sprites/ridley.o
  AS src/data/sprites/reo.o
  AS src/data/sprites/rinka.o
  AS src/data/sprites/ripper2.o
  AS src/data/sprites/ripper.o
  AS src/data/sprites/rising_chozo_pillar.o
  AS src/data/sprites/ruins_test.o
  AS src/data/sprites/save_platform.o
  AS src/data/sprites/save_platform_chozodia.o
  AS src/data/sprites/searchlight.o
  AS src/data/sprites/searchlight_eye.o
  AS src/data/sprites/security_gate.o
  AS src/data/sprites/security_laser.o
  AS src/data/sprites/sidehopper.o
  AS src/data/sprites/skultera.o
  AS src/data/sprites/skree.o
  AS src/data/sprites/sova.o
  AS src/data/sprites/space_pirate_carrying_power_bomb.o
  AS src/data/sprites/space_pirate.o
  AS src/data/sprites/squeept.o
  AS src/data/sprites/steam.o
  AS src/data/sprites/tangle_vine.o
  AS src/data/sprites/unknown_item_block.o
  AS src/data/sprites/unknown_item_chozo_statue.o
  AS src/data/sprites/viola.o
  AS src/data/sprites/waver.o
  AS src/data/sprites/unused_sprites.o
  AS src/data/sprites/worker_robot.o
  AS src/data/sprites/zebbo.o
  AS src/data/sprites/zeb.o
  AS src/data/sprites/zebetite_and_cannon.o
  AS src/data/sprites/zipline.o
  AS src/data/sprites/zeela.o
  AS src/data/sprites/zipline_generator.o
  AS src/data/sprites/zoomer.o
  AS src/data/tilesets/tilesets_set1.o
  AS src/data/tilesets/tilesets_set0.o
  AS src/data/tilesets/tilesets_set2.o
  AS src/data/tilesets/tilesets_set3.o
  AS src/data/tilesets/tilesets_set4.o
  AS src/data/tilesets/tilesets_set5.o
  AS src/data/tilesets/tilesets_set6.o
  AS src/data/tilesets/tilesets_set7.o
  AS src/data/rooms/brinstar/bg3.o
  AS src/data/rooms/brinstar/brinstar_0.o
  AS src/data/rooms/brinstar/brinstar_10.o
  AS src/data/rooms/brinstar/brinstar_11.o
  AS src/data/rooms/brinstar/brinstar_12.o
  AS src/data/rooms/brinstar/brinstar_13.o
  AS src/data/rooms/brinstar/brinstar_14.o
  AS src/data/rooms/brinstar/brinstar_15.o
  AS src/data/rooms/brinstar/brinstar_16.o
  AS src/data/rooms/brinstar/brinstar_17.o
  AS src/data/rooms/brinstar/brinstar_18.o
  AS src/data/rooms/brinstar/brinstar_19.o
  AS src/data/rooms/brinstar/brinstar_1.o
  AS src/data/rooms/brinstar/brinstar_20.o
  AS src/data/rooms/brinstar/brinstar_21.o
  AS src/data/rooms/brinstar/brinstar_22.o
  AS src/data/rooms/brinstar/brinstar_23.o
  AS src/data/rooms/brinstar/brinstar_24.o
  AS src/data/rooms/brinstar/brinstar_25.o
  AS src/data/rooms/brinstar/brinstar_26.o
  AS src/data/rooms/brinstar/brinstar_27.o
  AS src/data/rooms/brinstar/brinstar_28.o
  AS src/data/rooms/brinstar/brinstar_29.o
  AS src/data/rooms/brinstar/brinstar_2.o
  AS src/data/rooms/brinstar/brinstar_30.o
  AS src/data/rooms/brinstar/brinstar_31.o
  AS src/data/rooms/brinstar/brinstar_32.o
  AS src/data/rooms/brinstar/brinstar_33.o
  AS src/data/rooms/brinstar/brinstar_34.o
  AS src/data/rooms/brinstar/brinstar_35.o
  AS src/data/rooms/brinstar/brinstar_36.o
  AS src/data/rooms/brinstar/brinstar_37.o
  AS src/data/rooms/brinstar/brinstar_38.o
  AS src/data/rooms/brinstar/brinstar_39.o
  AS src/data/rooms/brinstar/brinstar_3.o
  AS src/data/rooms/brinstar/brinstar_40.o
  AS src/data/rooms/brinstar/brinstar_41.o
  AS src/data/rooms/brinstar/brinstar_4.o
  AS src/data/rooms/brinstar/brinstar_5.o
  AS src/data/rooms/brinstar/brinstar_6.o
  AS src/data/rooms/brinstar/brinstar_7.o
  AS src/data/rooms/brinstar/brinstar_8.o
  AS src/data/rooms/brinstar/brinstar_9.o
  AS src/data/rooms/chozodia/bg3.o
  AS src/data/rooms/chozodia/chozodia_0.o
  AS src/data/rooms/chozodia/chozodia_10.o
  AS src/data/rooms/chozodia/chozodia_11.o
  AS src/data/rooms/chozodia/chozodia_12.o
  AS src/data/rooms/chozodia/chozodia_13.o
  AS src/data/rooms/chozodia/chozodia_14.o
  AS src/data/rooms/chozodia/chozodia_15.o
  AS src/data/rooms/chozodia/chozodia_16.o
  AS src/data/rooms/chozodia/chozodia_17.o
  AS src/data/rooms/chozodia/chozodia_18.o
  AS src/data/rooms/chozodia/chozodia_19.o
  AS src/data/rooms/chozodia/chozodia_1.o
  AS src/data/rooms/chozodia/chozodia_20.o
  AS src/data/rooms/chozodia/chozodia_21.o
  AS src/data/rooms/chozodia/chozodia_22.o
  AS src/data/rooms/chozodia/chozodia_23.o
  AS src/data/rooms/chozodia/chozodia_24.o
  AS src/data/rooms/chozodia/chozodia_25.o
  AS src/data/rooms/chozodia/chozodia_26.o
  AS src/data/rooms/chozodia/chozodia_27.o
  AS src/data/rooms/chozodia/chozodia_28.o
  AS src/data/rooms/chozodia/chozodia_29.o
  AS src/data/rooms/chozodia/chozodia_2.o
  AS src/data/rooms/chozodia/chozodia_30.o
  AS src/data/rooms/chozodia/chozodia_31.o
  AS src/data/rooms/chozodia/chozodia_32.o
  AS src/data/rooms/chozodia/chozodia_33.o
  AS src/data/rooms/chozodia/chozodia_34.o
  AS src/data/rooms/chozodia/chozodia_35.o
  AS src/data/rooms/chozodia/chozodia_36.o
  AS src/data/rooms/chozodia/chozodia_37.o
  AS src/data/rooms/chozodia/chozodia_38.o
  AS src/data/rooms/chozodia/chozodia_39.o
  AS src/data/rooms/chozodia/chozodia_3.o
  AS src/data/rooms/chozodia/chozodia_40.o
  AS src/data/rooms/chozodia/chozodia_41.o
  AS src/data/rooms/chozodia/chozodia_42.o
  AS src/data/rooms/chozodia/chozodia_43.o
  AS src/data/rooms/chozodia/chozodia_44.o
  AS src/data/rooms/chozodia/chozodia_45.o
  AS src/data/rooms/chozodia/chozodia_46.o
  AS src/data/rooms/chozodia/chozodia_47.o
  AS src/data/rooms/chozodia/chozodia_48.o
  AS src/data/rooms/chozodia/chozodia_49.o
  AS src/data/rooms/chozodia/chozodia_4.o
  AS src/data/rooms/chozodia/chozodia_50.o
  AS src/data/rooms/chozodia/chozodia_51.o
  AS src/data/rooms/chozodia/chozodia_52.o
  AS src/data/rooms/chozodia/chozodia_53.o
  AS src/data/rooms/chozodia/chozodia_54.o
  AS src/data/rooms/chozodia/chozodia_55.o
  AS src/data/rooms/chozodia/chozodia_56.o
  AS src/data/rooms/chozodia/chozodia_57.o
  AS src/data/rooms/chozodia/chozodia_58.o
  AS src/data/rooms/chozodia/chozodia_59.o
  AS src/data/rooms/chozodia/chozodia_5.o
  AS src/data/rooms/chozodia/chozodia_60.o
  AS src/data/rooms/chozodia/chozodia_61.o
  AS src/data/rooms/chozodia/chozodia_62.o
  AS src/data/rooms/chozodia/chozodia_63.o
  AS src/data/rooms/chozodia/chozodia_64.o
  AS src/data/rooms/chozodia/chozodia_65.o
  AS src/data/rooms/chozodia/chozodia_66.o
  AS src/data/rooms/chozodia/chozodia_67.o
  AS src/data/rooms/chozodia/chozodia_68.o
  AS src/data/rooms/chozodia/chozodia_69.o
  AS src/data/rooms/chozodia/chozodia_6.o
  AS src/data/rooms/chozodia/chozodia_70.o
  AS src/data/rooms/chozodia/chozodia_71.o
  AS src/data/rooms/chozodia/chozodia_72.o
  AS src/data/rooms/chozodia/chozodia_73.o
  AS src/data/rooms/chozodia/chozodia_74.o
  AS src/data/rooms/chozodia/chozodia_75.o
  AS src/data/rooms/chozodia/chozodia_76.o
  AS src/data/rooms/chozodia/chozodia_77.o
  AS src/data/rooms/chozodia/chozodia_78.o
  AS src/data/rooms/chozodia/chozodia_79.o
  AS src/data/rooms/chozodia/chozodia_7.o
  AS src/data/rooms/chozodia/chozodia_80.o
  AS src/data/rooms/chozodia/chozodia_81.o
  AS src/data/rooms/chozodia/chozodia_82.o
  AS src/data/rooms/chozodia/chozodia_83.o
  AS src/data/rooms/chozodia/chozodia_84.o
  AS src/data/rooms/chozodia/chozodia_85.o
  AS src/data/rooms/chozodia/chozodia_86.o
  AS src/data/rooms/chozodia/chozodia_87.o
  AS src/data/rooms/chozodia/chozodia_88.o
  AS src/data/rooms/chozodia/chozodia_8.o
  AS src/data/rooms/chozodia/chozodia_89.o
  AS src/data/rooms/chozodia/chozodia_90.o
  AS src/data/rooms/chozodia/chozodia_91.o
  AS src/data/rooms/chozodia/chozodia_92.o
  AS src/data/rooms/chozodia/chozodia_93.o
  AS src/data/rooms/chozodia/chozodia_94.o
  AS src/data/rooms/chozodia/chozodia_95.o
  AS src/data/rooms/chozodia/chozodia_96.o
  AS src/data/rooms/chozodia/chozodia_97.o
  AS src/data/rooms/chozodia/chozodia_98.o
  AS src/data/rooms/chozodia/chozodia_9.o
  AS src/data/rooms/crateria/bg3.o
  AS src/data/rooms/crateria/crateria_0.o
  AS src/data/rooms/crateria/crateria_10.o
  AS src/data/rooms/crateria/crateria_11.o
  AS src/data/rooms/crateria/crateria_12.o
  AS src/data/rooms/crateria/crateria_13.o
  AS src/data/rooms/crateria/crateria_14.o
  AS src/data/rooms/crateria/crateria_15.o
  AS src/data/rooms/crateria/crateria_16.o
  AS src/data/rooms/crateria/crateria_17.o
  AS src/data/rooms/crateria/crateria_18.o
  AS src/data/rooms/crateria/crateria_19.o
  AS src/data/rooms/crateria/crateria_1.o
  AS src/data/rooms/crateria/crateria_21.o
  AS src/data/rooms/crateria/crateria_20.o
  AS src/data/rooms/crateria/crateria_2.o
  AS src/data/rooms/crateria/crateria_3.o
  AS src/data/rooms/crateria/crateria_4.o
  AS src/data/rooms/crateria/crateria_5.o
  AS src/data/rooms/crateria/crateria_6.o
  AS src/data/rooms/crateria/crateria_7.o
  AS src/data/rooms/crateria/crateria_8.o
  AS src/data/rooms/crateria/crateria_9.o
  AS src/data/rooms/kraid/bg3.o
  AS src/data/rooms/kraid/kraid_0.o
  AS src/data/rooms/kraid/kraid_10.o
  AS src/data/rooms/kraid/kraid_11.o
  AS src/data/rooms/kraid/kraid_12.o
  AS src/data/rooms/kraid/kraid_13.o
  AS src/data/rooms/kraid/kraid_14.o
  AS src/data/rooms/kraid/kraid_15.o
  AS src/data/rooms/kraid/kraid_16.o
  AS src/data/rooms/kraid/kraid_17.o
  AS src/data/rooms/kraid/kraid_18.o
  AS src/data/rooms/kraid/kraid_19.o
  AS src/data/rooms/kraid/kraid_1.o
  AS src/data/rooms/kraid/kraid_20.o
  AS src/data/rooms/kraid/kraid_21.o
  AS src/data/rooms/kraid/kraid_22.o
  AS src/data/rooms/kraid/kraid_23.o
  AS src/data/rooms/kraid/kraid_24.o
  AS src/data/rooms/kraid/kraid_25.o
  AS src/data/rooms/kraid/kraid_26.o
  AS src/data/rooms/kraid/kraid_27.o
  AS src/data/rooms/kraid/kraid_28.o
  AS src/data/rooms/kraid/kraid_29.o
  AS src/data/rooms/kraid/kraid_2.o
  AS src/data/rooms/kraid/kraid_30.o
  AS src/data/rooms/kraid/kraid_31.o
  AS src/data/rooms/kraid/kraid_32.o
  AS src/data/rooms/kraid/kraid_33.o
  AS src/data/rooms/kraid/kraid_34.o
  AS src/data/rooms/kraid/kraid_35.o
  AS src/data/rooms/kraid/kraid_36.o
  AS src/data/rooms/kraid/kraid_37.o
  AS src/data/rooms/kraid/kraid_38.o
  AS src/data/rooms/kraid/kraid_39.o
  AS src/data/rooms/kraid/kraid_3.o
  AS src/data/rooms/kraid/kraid_40.o
  AS src/data/rooms/kraid/kraid_41.o
  AS src/data/rooms/kraid/kraid_4.o
  AS src/data/rooms/kraid/kraid_5.o
  AS src/data/rooms/kraid/kraid_6.o
  AS src/data/rooms/kraid/kraid_7.o
  AS src/data/rooms/kraid/kraid_8.o
  AS src/data/rooms/kraid/kraid_9.o
  AS src/data/rooms/norfair/bg3.o
  AS src/data/rooms/norfair/norfair_0.o
  AS src/data/rooms/norfair/norfair_10.o
  AS src/data/rooms/norfair/norfair_11.o
  AS src/data/rooms/norfair/norfair_12.o
  AS src/data/rooms/norfair/norfair_13.o
  AS src/data/rooms/norfair/norfair_14.o
  AS src/data/rooms/norfair/norfair_16.o
  AS src/data/rooms/norfair/norfair_15.o
  AS src/data/rooms/norfair/norfair_17.o
  AS src/data/rooms/norfair/norfair_18.o
  AS src/data/rooms/norfair/norfair_1.o
  AS src/data/rooms/norfair/norfair_19.o
  AS src/data/rooms/norfair/norfair_20.o
  AS src/data/rooms/norfair/norfair_21.o
  AS src/data/rooms/norfair/norfair_22.o
  AS src/data/rooms/norfair/norfair_23.o
  AS src/data/rooms/norfair/norfair_24.o
  AS src/data/rooms/norfair/norfair_25.o
  AS src/data/rooms/norfair/norfair_26.o
  AS src/data/rooms/norfair/norfair_27.o
  AS src/data/rooms/norfair/norfair_28.o
  AS src/data/rooms/norfair/norfair_29.o
  AS src/data/rooms/norfair/norfair_2.o
  AS src/data/rooms/norfair/norfair_30.o
  AS src/data/rooms/norfair/norfair_31.o
  AS src/data/rooms/norfair/norfair_32.o
  AS src/data/rooms/norfair/norfair_33.o
  AS src/data/rooms/norfair/norfair_34.o
  AS src/data/rooms/norfair/norfair_35.o
  AS src/data/rooms/norfair/norfair_36.o
  AS src/data/rooms/norfair/norfair_37.o
  AS src/data/rooms/norfair/norfair_38.o
  AS src/data/rooms/norfair/norfair_39.o
  AS src/data/rooms/norfair/norfair_3.o
  AS src/data/rooms/norfair/norfair_40.o
  AS src/data/rooms/norfair/norfair_41.o
  AS src/data/rooms/norfair/norfair_42.o
  AS src/data/rooms/norfair/norfair_43.o
  AS src/data/rooms/norfair/norfair_44.o
  AS src/data/rooms/norfair/norfair_45.o
  AS src/data/rooms/norfair/norfair_46.o
  AS src/data/rooms/norfair/norfair_47.o
  AS src/data/rooms/norfair/norfair_48.o
  AS src/data/rooms/norfair/norfair_49.o
  AS src/data/rooms/norfair/norfair_4.o
  AS src/data/rooms/norfair/norfair_50.o
  AS src/data/rooms/norfair/norfair_51.o
  AS src/data/rooms/norfair/norfair_52.o
  AS src/data/rooms/norfair/norfair_53.o
  AS src/data/rooms/norfair/norfair_54.o
  AS src/data/rooms/norfair/norfair_55.o
  AS src/data/rooms/norfair/norfair_56.o
  AS src/data/rooms/norfair/norfair_5.o
  AS src/data/rooms/norfair/norfair_6.o
  AS src/data/rooms/norfair/norfair_7.o
  AS src/data/rooms/norfair/norfair_8.o
  AS src/data/rooms/norfair/norfair_9.o
  AS src/data/rooms/ridley/bg3.o
  AS src/data/rooms/ridley/ridley_10.o
  AS src/data/rooms/ridley/ridley_0.o
  AS src/data/rooms/ridley/ridley_11.o
  AS src/data/rooms/ridley/ridley_12.o
  AS src/data/rooms/ridley/ridley_13.o
  AS src/data/rooms/ridley/ridley_14.o
  AS src/data/rooms/ridley/ridley_15.o
  AS src/data/rooms/ridley/ridley_16.o
  AS src/data/rooms/ridley/ridley_17.o
  AS src/data/rooms/ridley/ridley_18.o
  AS src/data/rooms/ridley/ridley_19.o
  AS src/data/rooms/ridley/ridley_1.o
  AS src/data/rooms/ridley/ridley_20.o
  AS src/data/rooms/ridley/ridley_21.o
  AS src/data/rooms/ridley/ridley_22.o
  AS src/data/rooms/ridley/ridley_23.o
  AS src/data/rooms/ridley/ridley_24.o
  AS src/data/rooms/ridley/ridley_25.o
  AS src/data/rooms/ridley/ridley_26.o
  AS src/data/rooms/ridley/ridley_27.o
  AS src/data/rooms/ridley/ridley_28.o
  AS src/data/rooms/ridley/ridley_29.o
  AS src/data/rooms/ridley/ridley_2.o
  AS src/data/rooms/ridley/ridley_30.o
  AS src/data/rooms/ridley/ridley_31.o
  AS src/data/rooms/ridley/ridley_32.o
  AS src/data/rooms/ridley/ridley_3.o
  AS src/data/rooms/ridley/ridley_4.o
  AS src/data/rooms/ridley/ridley_5.o
  AS src/data/rooms/ridley/ridley_6.o
  AS src/data/rooms/ridley/ridley_7.o
  AS src/data/rooms/ridley/ridley_8.o
  AS src/data/rooms/ridley/ridley_9.o
  AS src/data/rooms/tourian/bg3.o
  AS src/data/rooms/tourian/tourian_0.o
  AS src/data/rooms/tourian/tourian_10.o
  AS src/data/rooms/tourian/tourian_11.o
  AS src/data/rooms/tourian/tourian_12.o
  AS src/data/rooms/tourian/tourian_13.o
  AS src/data/rooms/tourian/tourian_14.o
  AS src/data/rooms/tourian/tourian_15.o
  AS src/data/rooms/tourian/tourian_16.o
  AS src/data/rooms/tourian/tourian_17.o
  AS src/data/rooms/tourian/tourian_18.o
  AS src/data/rooms/tourian/tourian_19.o
  AS src/data/rooms/tourian/tourian_1.o
  AS src/data/rooms/tourian/tourian_2.o
  AS src/data/rooms/tourian/tourian_3.o
  AS src/data/rooms/tourian/tourian_4.o
  AS src/data/rooms/tourian/tourian_5.o
  AS src/data/rooms/tourian/tourian_6.o
  AS src/data/rooms/tourian/tourian_7.o
  AS src/data/rooms/tourian/tourian_8.o
  AS src/data/rooms/tourian/tourian_9.o
  LD mzm_eu.elf
arm-none-eabi-ld: warning: mzm_eu.elf has a LOAD segment with RWX permissions
  OBJCOPY mzm_eu.gba
  GBAFIX mzm_eu.gba
  SHA1SUM mzm_eu.sha1
mzm_eu.gba: Réussi
== [1/3] OK ==

== [2/3] compilation native de src/ (Makefile.native) ==
python3 tools/preproc.py src/agbmain.c charmap.txt | cpp -DREGION_EU -DNATIVE -nostdinc -Iinclude/ | gcc -c -x cpp-output -o build/native/agbmain.o -std=gnu89 -
python3 tools/preproc.py src/animated_graphics.c charmap.txt | cpp -DREGION_EU -DNATIVE -nostdinc -Iinclude/ | gcc -c -x cpp-output -o build/native/animated_graphics.o -std=gnu89 -
python3 tools/preproc.py src/audio.c charmap.txt | cpp -DREGION_EU -DNATIVE -nostdinc -Iinclude/ | gcc -c -x cpp-output -o build/native/audio.o -std=gnu89 -
python3 tools/preproc.py src/audio_wrappers.c charmap.txt | cpp -DREGION_EU -DNATIVE -nostdinc -Iinclude/ | gcc -c -x cpp-output -o build/native/audio_wrappers.o -std=gnu89 -
python3 tools/preproc.py src/bg_clip.c charmap.txt | cpp -DREGION_EU -DNATIVE -nostdinc -Iinclude/ | gcc -c -x cpp-output -o build/native/bg_clip.o -std=gnu89 -
python3 tools/preproc.py src/block.c charmap.txt | cpp -DREGION_EU -DNATIVE -nostdinc -Iinclude/ | gcc -c -x cpp-output -o build/native/block.o -std=gnu89 -
python3 tools/preproc.py src/cable_link.c charmap.txt | cpp -DREGION_EU -DNATIVE -nostdinc -Iinclude/ | gcc -c -x cpp-output -o build/native/cable_link.o -std=gnu89 -
python3 tools/preproc.py src/callbacks.c charmap.txt | cpp -DREGION_EU -DNATIVE -nostdinc -Iinclude/ | gcc -c -x cpp-output -o build/native/callbacks.o -std=gnu89 -
python3 tools/preproc.py src/chozodia_escape.c charmap.txt | cpp -DREGION_EU -DNATIVE -nostdinc -Iinclude/ | gcc -c -x cpp-output -o build/native/chozodia_escape.o -std=gnu89 -
python3 tools/preproc.py src/clipdata.c charmap.txt | cpp -DREGION_EU -DNATIVE -nostdinc -Iinclude/ | gcc -c -x cpp-output -o build/native/clipdata.o -std=gnu89 -
python3 tools/preproc.py src/color_effects.c charmap.txt | cpp -DREGION_EU -DNATIVE -nostdinc -Iinclude/ | gcc -c -x cpp-output -o build/native/color_effects.o -std=gnu89 -
python3 tools/preproc.py src/color_fading.c charmap.txt | cpp -DREGION_EU -DNATIVE -nostdinc -Iinclude/ | gcc -c -x cpp-output -o build/native/color_fading.o -std=gnu89 -
In file included from <stdin>:2:
include/data/generic_data.h:7:1: warning: « sSineTable » modifié par une variable ayant une portée sur tout le fichier
    7 | extern const s16 sSineTable[2*PI + PI_2];
      | ^~~~~~
<stdin>: Dans la fonction « UpdatePsgSounds »:
<stdin>:423:38: warning: transtypage d'un pointeur vers un entier de taille différente [-Wpointer-to-int-cast]
<stdin>: Dans la fonction « FusionGalleryConnectProcess »:
<stdin>:78:29: warning: transtypage d'un pointeur vers un entier de taille différente [-Wpointer-to-int-cast]
<stdin>:78:49: warning: transtypage d'un pointeur vers un entier de taille différente [-Wpointer-to-int-cast]
<stdin>: Dans la fonction « GetNoteDelay »:
<stdin>:1362:51: warning: transtypage d'un pointeur vers un entier de taille différente [-Wpointer-to-int-cast]
<stdin>: Dans la fonction « InitializeAudio »:
<stdin>:37:21: warning: la conversion depuis « long unsigned int » vers « u32 » {alias « unsigned int »} change la valeur de « 18446744071562068780 » en « 2147484460 » [-Woverflow]
<stdin>: Dans la fonction « AudioCommand_Voice »:
<stdin>:1580:43: warning: transtypage d'un pointeur vers un entier de taille différente [-Wpointer-to-int-cast]
<stdin>:1580:36: warning: transtypage vers un pointeur depuis un entier de taille différente [-Wint-to-pointer-cast]
<stdin>:1588:43: warning: transtypage d'un pointeur vers un entier de taille différente [-Wpointer-to-int-cast]
<stdin>:1588:36: warning: transtypage vers un pointeur depuis un entier de taille différente [-Wint-to-pointer-cast]
<stdin>:40:21: warning: la conversion depuis « long unsigned int » vers « u32 » {alias « unsigned int »} change la valeur de « 18446744071562068050 » en « 2147483730 » [-Woverflow]
<stdin>:43:21: warning: la conversion depuis « long unsigned int » vers « u32 » {alias « unsigned int »} change la valeur de « 18446744071562068056 » en « 2147483736 » [-Woverflow]
<stdin>:47:24: warning: transtypage d'un pointeur vers un entier de taille différente [-Wpointer-to-int-cast]
<stdin>:51:52: warning: la conversion depuis « long unsigned int » vers « u32 » {alias « unsigned int »} change la valeur de « 18446744071578845208 » en « 2164260888 » [-Woverflow]
<stdin>:54:21: warning: transtypage d'un pointeur vers un entier de taille différente [-Wpointer-to-int-cast]
<stdin>:59:21: warning: transtypage d'un pointeur vers un entier de taille différente [-Wpointer-to-int-cast]
<stdin>:67:19: warning: transtypage d'un pointeur vers un entier de taille différente [-Wpointer-to-int-cast]
<stdin>:71:52: warning: la conversion depuis « long unsigned int » vers « u32 » {alias « unsigned int »} change la valeur de « 18446744071578845224 » en « 2164260904 » [-Woverflow]
<stdin>:76:52: warning: la conversion depuis « long unsigned int » vers « u32 » {alias « unsigned int »} change la valeur de « 18446744071578845228 » en « 2164260908 » [-Woverflow]
<stdin>:79:21: warning: transtypage d'un pointeur vers un entier de taille différente [-Wpointer-to-int-cast]
<stdin>:81:52: warning: la conversion depuis « long unsigned int » vers « u32 » {alias « unsigned int »} change la valeur de « 18446744071578845192 » en « 2164260872 » [-Woverflow]
<stdin>: Dans la fonction « SetupSoundTransfer »:
<stdin>:164:55: warning: la conversion depuis « long unsigned int » vers « vu32 » {alias « unsigned int »} change la valeur de « 18446744071633371140 » en « 2218786820 » [-Woverflow]
<stdin>:165:55: warning: la conversion depuis « long unsigned int » vers « vu32 » {alias « unsigned int »} change la valeur de « 18446744071633371140 » en « 2218786820 » [-Woverflow]
<stdin>:186:56: warning: transtypage d'un pointeur vers un entier de taille différente [-Wpointer-to-int-cast]
<stdin>:187:56: warning: transtypage d'un pointeur vers un entier de taille différente [-Wpointer-to-int-cast]
<stdin>:189:56: warning: transtypage d'un pointeur vers un entier de taille différente [-Wpointer-to-int-cast]
<stdin>:190:56: warning: transtypage d'un pointeur vers un entier de taille différente [-Wpointer-to-int-cast]
<stdin>: Dans la fonction « StopAllMusicAndSounds »:
<stdin>:245:14: warning: transtypage d'un pointeur vers un entier de taille différente [-Wpointer-to-int-cast]
<stdin>: Dans la fonction « unk_2a8c »:
<stdin>:257:14: warning: transtypage d'un pointeur vers un entier de taille différente [-Wpointer-to-int-cast]
<stdin>: Dans la fonction « unk_2c4c »:
<stdin>:384:14: warning: transtypage d'un pointeur vers un entier de taille différente [-Wpointer-to-int-cast]
python3 tools/preproc.py src/complex_oam.c charmap.txt | cpp -DREGION_EU -DNATIVE -nostdinc -Iinclude/ | gcc -c -x cpp-output -o build/native/complex_oam.o -std=gnu89 -
python3 tools/preproc.py src/cutscenes/before_ruins_test.c charmap.txt | cpp -DREGION_EU -DNATIVE -nostdinc -Iinclude/ | gcc -c -x cpp-output -o build/native/cutscenes/before_ruins_test.o -std=gnu89 -
<stdin>: Dans la fonction « ClipdataSetupCode »:
<stdin>:26:21: warning: la conversion depuis « long unsigned int » vers « u32 » {alias « unsigned int »} change la valeur de « 18446744071562068288 » en « 2147483968 » [-Woverflow]
python3 tools/preproc.py src/connection.c charmap.txt | cpp -DREGION_EU -DNATIVE -nostdinc -Iinclude/ | gcc -c -x cpp-output -o build/native/connection.o -std=gnu89 -
<stdin>: Dans la fonction « ChozodiaEscapeVBlank »:
<stdin>:28:21: warning: la conversion depuis « long unsigned int » vers « u32 » {alias « unsigned int »} change la valeur de « 18446744071629177088 » en « 2214592768 » [-Woverflow]
<stdin>: Dans la fonction « ChozodiaEscapeInit »:
<stdin>:470:48: warning: la conversion depuis « long unsigned int » vers « u32 » {alias « unsigned int »} change la valeur de « 18446744071645954444 » en « 2231370124 » [-Woverflow]
python3 tools/preproc.py src/cutscenes/cutscene_utils.c charmap.txt | cpp -DREGION_EU -DNATIVE -nostdinc -Iinclude/ | gcc -c -x cpp-output -o build/native/cutscenes/cutscene_utils.o -std=gnu89 -
python3 tools/preproc.py src/cutscenes/enter_tourian.c charmap.txt | cpp -DREGION_EU -DNATIVE -nostdinc -Iinclude/ | gcc -c -x cpp-output -o build/native/cutscenes/enter_tourian.o -std=gnu89 -
python3 tools/preproc.py src/cutscenes/getting_fully_powered_suit.c charmap.txt | cpp -DREGION_EU -DNATIVE -nostdinc -Iinclude/ | gcc -c -x cpp-output -o build/native/cutscenes/getting_fully_powered_suit.o -std=gnu89 -
python3 tools/preproc.py src/cutscenes/kraid_rising.c charmap.txt | cpp -DREGION_EU -DNATIVE -nostdinc -Iinclude/ | gcc -c -x cpp-output -o build/native/cutscenes/kraid_rising.o -std=gnu89 -
python3 tools/preproc.py src/cutscenes/mother_brain_close_up.c charmap.txt | cpp -DREGION_EU -DNATIVE -nostdinc -Iinclude/ | gcc -c -x cpp-output -o build/native/cutscenes/mother_brain_close_up.o -std=gnu89 -
python3 tools/preproc.py src/cutscenes/ridley_in_space.c charmap.txt | cpp -DREGION_EU -DNATIVE -nostdinc -Iinclude/ | gcc -c -x cpp-output -o build/native/cutscenes/ridley_in_space.o -std=gnu89 -
python3 tools/preproc.py src/cutscenes/mecha_sees_samus.c charmap.txt | cpp -DREGION_EU -DNATIVE -nostdinc -Iinclude/ | gcc -c -x cpp-output -o build/native/cutscenes/mecha_sees_samus.o -std=gnu89 -
python3 tools/preproc.py src/cutscenes/ridley_landing.c charmap.txt | cpp -DREGION_EU -DNATIVE -nostdinc -Iinclude/ | gcc -c -x cpp-output -o build/native/cutscenes/ridley_landing.o -std=gnu89 -
python3 tools/preproc.py src/cutscenes/ridley_spawn.c charmap.txt | cpp -DREGION_EU -DNATIVE -nostdinc -Iinclude/ | gcc -c -x cpp-output -o build/native/cutscenes/ridley_spawn.o -std=gnu89 -
In file included from <stdin>:6:
include/data/generic_data.h:7:1: warning: « sSineTable » modifié par une variable ayant une portée sur tout le fichier
    7 | extern const s16 sSineTable[2*PI + PI_2];
      | ^~~~~~
python3 tools/preproc.py src/cutscenes/samus_in_blue_ship.c charmap.txt | cpp -DREGION_EU -DNATIVE -nostdinc -Iinclude/ | gcc -c -x cpp-output -o build/native/cutscenes/samus_in_blue_ship.o -std=gnu89 -
In file included from <stdin>:8:
include/data/generic_data.h:7:1: warning: « sSineTable » modifié par une variable ayant une portée sur tout le fichier
    7 | extern const s16 sSineTable[2*PI + PI_2];
      | ^~~~~~
In file included from <stdin>:7:
include/data/generic_data.h:7:1: warning: « sSineTable » modifié par une variable ayant une portée sur tout le fichier
    7 | extern const s16 sSineTable[2*PI + PI_2];
      | ^~~~~~
In file included from <stdin>:10:
include/data/generic_data.h:7:1: warning: « sSineTable » modifié par une variable ayant une portée sur tout le fichier
    7 | extern const s16 sSineTable[2*PI + PI_2];
      | ^~~~~~
python3 tools/preproc.py src/cutscenes/statue_opening.c charmap.txt | cpp -DREGION_EU -DNATIVE -nostdinc -Iinclude/ | gcc -c -x cpp-output -o build/native/cutscenes/statue_opening.o -std=gnu89 -
In file included from <stdin>:6:
include/data/generic_data.h:7:1: warning: « sSineTable » modifié par une variable ayant une portée sur tout le fichier
    7 | extern const s16 sSineTable[2*PI + PI_2];
      | ^~~~~~
python3 tools/preproc.py src/cutscenes/story_text_cutscene.c charmap.txt | cpp -DREGION_EU -DNATIVE -nostdinc -Iinclude/ | gcc -c -x cpp-output -o build/native/cutscenes/story_text_cutscene.o -std=gnu89 -
python3 tools/preproc.py src/data/animated_graphics_data.c charmap.txt | cpp -DREGION_EU -DNATIVE -nostdinc -Iinclude/ | gcc -c -x cpp-output -o build/native/data/animated_graphics_data.o -std=gnu89 -
python3 tools/preproc.py src/data/animated_tiles_data.c charmap.txt | cpp -DREGION_EU -DNATIVE -nostdinc -Iinclude/ | gcc -c -x cpp-output -o build/native/data/animated_tiles_data.o -std=gnu89 -
python3 tools/preproc.py src/data/audio.c charmap.txt | cpp -DREGION_EU -DNATIVE -nostdinc -Iinclude/ | gcc -c -x cpp-output -o build/native/data/audio.o -std=gnu89 -
python3 tools/preproc.py src/data/block_data.c charmap.txt | cpp -DREGION_EU -DNATIVE -nostdinc -Iinclude/ | gcc -c -x cpp-output -o build/native/data/block_data.o -std=gnu89 -
python3 tools/preproc.py src/data/cable_link_data.c charmap.txt | cpp -DREGION_EU -DNATIVE -nostdinc -Iinclude/ | gcc -c -x cpp-output -o build/native/data/cable_link_data.o -std=gnu89 -
python3 tools/preproc.py src/data/chozodia_escape_data.c charmap.txt | cpp -DREGION_EU -DNATIVE -nostdinc -Iinclude/ | gcc -c -x cpp-output -o build/native/data/chozodia_escape_data.o -std=gnu89 -
python3 tools/preproc.py src/data/clipdata_data.c charmap.txt | cpp -DREGION_EU -DNATIVE -nostdinc -Iinclude/ | gcc -c -x cpp-output -o build/native/data/clipdata_data.o -std=gnu89 -
python3 tools/preproc.py src/data/clipdata_types.c charmap.txt | cpp -DREGION_EU -DNATIVE -nostdinc -Iinclude/ | gcc -c -x cpp-output -o build/native/data/clipdata_types.o -std=gnu89 -
python3 tools/preproc.py src/data/clipdata_types_tilemap.c charmap.txt | cpp -DREGION_EU -DNATIVE -nostdinc -Iinclude/ | gcc -c -x cpp-output -o build/native/data/clipdata_types_tilemap.o -std=gnu89 -
python3 tools/preproc.py src/data/color_fading_data.c charmap.txt | cpp -DREGION_EU -DNATIVE -nostdinc -Iinclude/ | gcc -c -x cpp-output -o build/native/data/color_fading_data.o -std=gnu89 -
python3 tools/preproc.py src/data/common_pals.c charmap.txt | cpp -DREGION_EU -DNATIVE -nostdinc -Iinclude/ | gcc -c -x cpp-output -o build/native/data/common_pals.o -std=gnu89 -
python3 tools/preproc.py src/data/cutscenes/before_ruins_test_data.c charmap.txt | cpp -DREGION_EU -DNATIVE -nostdinc -Iinclude/ | gcc -c -x cpp-output -o build/native/data/cutscenes/before_ruins_test_data.o -std=gnu89 -
python3 tools/preproc.py src/data/cutscenes/cutscenes_data.c charmap.txt | cpp -DREGION_EU -DNATIVE -nostdinc -Iinclude/ | gcc -c -x cpp-output -o build/native/data/cutscenes/cutscenes_data.o -std=gnu89 -
python3 tools/preproc.py src/data/cutscenes/enter_tourian_data.c charmap.txt | cpp -DREGION_EU -DNATIVE -nostdinc -Iinclude/ | gcc -c -x cpp-output -o build/native/data/cutscenes/enter_tourian_data.o -std=gnu89 -
python3 tools/preproc.py src/data/cutscenes/getting_fully_powered_suit_data.c charmap.txt | cpp -DREGION_EU -DNATIVE -nostdinc -Iinclude/ | gcc -c -x cpp-output -o build/native/data/cutscenes/getting_fully_powered_suit_data.o -std=gnu89 -
python3 tools/preproc.py src/data/cutscenes/kraid_rising_data.c charmap.txt | cpp -DREGION_EU -DNATIVE -nostdinc -Iinclude/ | gcc -c -x cpp-output -o build/native/data/cutscenes/kraid_rising_data.o -std=gnu89 -
python3 tools/preproc.py src/data/cutscenes/mecha_sees_samus_data.c charmap.txt | cpp -DREGION_EU -DNATIVE -nostdinc -Iinclude/ | gcc -c -x cpp-output -o build/native/data/cutscenes/mecha_sees_samus_data.o -std=gnu89 -
python3 tools/preproc.py src/data/cutscenes/mother_brain_close_up_data.c charmap.txt | cpp -DREGION_EU -DNATIVE -nostdinc -Iinclude/ | gcc -c -x cpp-output -o build/native/data/cutscenes/mother_brain_close_up_data.o -std=gnu89 -
python3 tools/preproc.py src/data/cutscenes/ridley_in_space_data.c charmap.txt | cpp -DREGION_EU -DNATIVE -nostdinc -Iinclude/ | gcc -c -x cpp-output -o build/native/data/cutscenes/ridley_in_space_data.o -std=gnu89 -
python3 tools/preproc.py src/data/cutscenes/ridley_landing_data.c charmap.txt | cpp -DREGION_EU -DNATIVE -nostdinc -Iinclude/ | gcc -c -x cpp-output -o build/native/data/cutscenes/ridley_landing_data.o -std=gnu89 -
python3 tools/preproc.py src/data/cutscenes/samus_in_blue_ship_data.c charmap.txt | cpp -DREGION_EU -DNATIVE -nostdinc -Iinclude/ | gcc -c -x cpp-output -o build/native/data/cutscenes/samus_in_blue_ship_data.o -std=gnu89 -
python3 tools/preproc.py src/data/cutscenes/statue_opening_data.c charmap.txt | cpp -DREGION_EU -DNATIVE -nostdinc -Iinclude/ | gcc -c -x cpp-output -o build/native/data/cutscenes/statue_opening_data.o -std=gnu89 -
python3 tools/preproc.py src/data/cutscenes/ridley_spawn_data.c charmap.txt | cpp -DREGION_EU -DNATIVE -nostdinc -Iinclude/ | gcc -c -x cpp-output -o build/native/data/cutscenes/ridley_spawn_data.o -std=gnu89 -
python3 tools/preproc.py src/data/cutscenes/story_text_cutscene_data.c charmap.txt | cpp -DREGION_EU -DNATIVE -nostdinc -Iinclude/ | gcc -c -x cpp-output -o build/native/data/cutscenes/story_text_cutscene_data.o -std=gnu89 -
python3 tools/preproc.py src/data/default_background_data.c charmap.txt | cpp -DREGION_EU -DNATIVE -nostdinc -Iinclude/ | gcc -c -x cpp-output -o build/native/data/default_background_data.o -std=gnu89 -
python3 tools/preproc.py src/data/empty_datatypes.c charmap.txt | cpp -DREGION_EU -DNATIVE -nostdinc -Iinclude/ | gcc -c -x cpp-output -o build/native/data/empty_datatypes.o -std=gnu89 -
python3 tools/preproc.py src/data/demo_data.c charmap.txt | cpp -DREGION_EU -DNATIVE -nostdinc -Iinclude/ | gcc -c -x cpp-output -o build/native/data/demo_data.o -std=gnu89 -
python3 tools/preproc.py src/data/ending_and_gallery_data.c charmap.txt | cpp -DREGION_EU -DNATIVE -nostdinc -Iinclude/ | gcc -c -x cpp-output -o build/native/data/ending_and_gallery_data.o -std=gnu89 -
python3 tools/preproc.py src/data/fusion_gallery_data.c charmap.txt | cpp -DREGION_EU -DNATIVE -nostdinc -Iinclude/ | gcc -c -x cpp-output -o build/native/data/fusion_gallery_data.o -std=gnu89 -
python3 tools/preproc.py src/data/generic_data.c charmap.txt | cpp -DREGION_EU -DNATIVE -nostdinc -Iinclude/ | gcc -c -x cpp-output -o build/native/data/generic_data.o -std=gnu89 -
python3 tools/preproc.py src/data/hatch_data.c charmap.txt | cpp -DREGION_EU -DNATIVE -nostdinc -Iinclude/ | gcc -c -x cpp-output -o build/native/data/hatch_data.o -std=gnu89 -
python3 tools/preproc.py src/data/haze_data.c charmap.txt | cpp -DREGION_EU -DNATIVE -nostdinc -Iinclude/ | gcc -c -x cpp-output -o build/native/data/haze_data.o -std=gnu89 -
python3 tools/preproc.py src/data/hud_data.c charmap.txt | cpp -DREGION_EU -DNATIVE -nostdinc -Iinclude/ | gcc -c -x cpp-output -o build/native/data/hud_data.o -std=gnu89 -
python3 tools/preproc.py src/data/intro_data.c charmap.txt | cpp -DREGION_EU -DNATIVE -nostdinc -Iinclude/ | gcc -c -x cpp-output -o build/native/data/intro_data.o -std=gnu89 -
python3 tools/preproc.py src/data/in_game_cutscene_data.c charmap.txt | cpp -DREGION_EU -DNATIVE -nostdinc -Iinclude/ | gcc -c -x cpp-output -o build/native/data/in_game_cutscene_data.o -std=gnu89 -
python3 tools/preproc.py src/data/io_transfer_data.c charmap.txt | cpp -DREGION_EU -DNATIVE -nostdinc -Iinclude/ | gcc -c -x cpp-output -o build/native/data/io_transfer_data.o -std=gnu89 -
python3 tools/preproc.py src/data/menus/boot_debug_data.c charmap.txt | cpp -DREGION_EU -DNATIVE -nostdinc -Iinclude/ | gcc -c -x cpp-output -o build/native/data/menus/boot_debug_data.o -std=gnu89 -
python3 tools/preproc.py src/data/menus/erase_sram_data.c charmap.txt | cpp -DREGION_EU -DNATIVE -nostdinc -Iinclude/ | gcc -c -x cpp-output -o build/native/data/menus/erase_sram_data.o -std=gnu89 -
python3 tools/preproc.py src/data/menus/file_select_data.c charmap.txt | cpp -DREGION_EU -DNATIVE -nostdinc -Iinclude/ | gcc -c -x cpp-output -o build/native/data/menus/file_select_data.o -std=gnu89 -
In file included from <stdin>:1:
include/data/generic_data.h:7:1: warning: « sSineTable » modifié par une variable ayant une portée sur tout le fichier
    7 | extern const s16 sSineTable[2*PI + PI_2];
      | ^~~~~~
<stdin>:5:1: warning: « sSineTable » modifié par une variable ayant une portée sur tout le fichier
python3 tools/preproc.py src/data/menus/game_over_data.c charmap.txt | cpp -DREGION_EU -DNATIVE -nostdinc -Iinclude/ | gcc -c -x cpp-output -o build/native/data/menus/game_over_data.o -std=gnu89 -
python3 tools/preproc.py src/data/menus/language_select_data.c charmap.txt | cpp -DREGION_EU -DNATIVE -nostdinc -Iinclude/ | gcc -c -x cpp-output -o build/native/data/menus/language_select_data.o -std=gnu89 -
python3 tools/preproc.py src/data/menus/pause_screen_data.c charmap.txt | cpp -DREGION_EU -DNATIVE -nostdinc -Iinclude/ | gcc -c -x cpp-output -o build/native/data/menus/pause_screen_data.o -std=gnu89 -
python3 tools/preproc.py src/data/menus/pause_screen_map_data.c charmap.txt | cpp -DREGION_EU -DNATIVE -nostdinc -Iinclude/ | gcc -c -x cpp-output -o build/native/data/menus/pause_screen_map_data.o -std=gnu89 -
python3 tools/preproc.py src/data/menus/pause_screen_sub_menus_data.c charmap.txt | cpp -DREGION_EU -DNATIVE -nostdinc -Iinclude/ | gcc -c -x cpp-output -o build/native/data/menus/pause_screen_sub_menus_data.o -std=gnu89 -
python3 tools/preproc.py src/data/menus/title_screen_data.c charmap.txt | cpp -DREGION_EU -DNATIVE -nostdinc -Iinclude/ | gcc -c -x cpp-output -o build/native/data/menus/title_screen_data.o -std=gnu89 -
python3 tools/preproc.py src/data/menus/status_screen_data.c charmap.txt | cpp -DREGION_EU -DNATIVE -nostdinc -Iinclude/ | gcc -c -x cpp-output -o build/native/data/menus/status_screen_data.o -std=gnu89 -
python3 tools/preproc.py src/data/music_track_data.c charmap.txt | cpp -DREGION_EU -DNATIVE -nostdinc -Iinclude/ | gcc -c -x cpp-output -o build/native/data/music_track_data.o -std=gnu89 -
python3 tools/preproc.py src/data/nes_metroid.c charmap.txt | cpp -DREGION_EU -DNATIVE -nostdinc -Iinclude/ | gcc -c -x cpp-output -o build/native/data/nes_metroid.o -std=gnu89 -
python3 tools/preproc.py src/data/particle_data.c charmap.txt | cpp -DREGION_EU -DNATIVE -nostdinc -Iinclude/ | gcc -c -x cpp-output -o build/native/data/particle_data.o -std=gnu89 -
python3 tools/preproc.py src/data/projectile_data.c charmap.txt | cpp -DREGION_EU -DNATIVE -nostdinc -Iinclude/ | gcc -c -x cpp-output -o build/native/data/projectile_data.o -std=gnu89 -
python3 tools/preproc.py src/data/rooms/brinstar/bg3.c charmap.txt | cpp -DREGION_EU -DNATIVE -nostdinc -Iinclude/ | gcc -c -x cpp-output -o build/native/data/rooms/brinstar/bg3.o -std=gnu89 -
python3 tools/preproc.py src/data/rooms/brinstar/brinstar_0.c charmap.txt | cpp -DREGION_EU -DNATIVE -nostdinc -Iinclude/ | gcc -c -x cpp-output -o build/native/data/rooms/brinstar/brinstar_0.o -std=gnu89 -
python3 tools/preproc.py src/data/rooms/brinstar/brinstar_10.c charmap.txt | cpp -DREGION_EU -DNATIVE -nostdinc -Iinclude/ | gcc -c -x cpp-output -o build/native/data/rooms/brinstar/brinstar_10.o -std=gnu89 -
python3 tools/preproc.py src/data/rooms/brinstar/brinstar_11.c charmap.txt | cpp -DREGION_EU -DNATIVE -nostdinc -Iinclude/ | gcc -c -x cpp-output -o build/native/data/rooms/brinstar/brinstar_11.o -std=gnu89 -
python3 tools/preproc.py src/data/rooms/brinstar/brinstar_12.c charmap.txt | cpp -DREGION_EU -DNATIVE -nostdinc -Iinclude/ | gcc -c -x cpp-output -o build/native/data/rooms/brinstar/brinstar_12.o -std=gnu89 -
python3 tools/preproc.py src/data/rooms/brinstar/brinstar_13.c charmap.txt | cpp -DREGION_EU -DNATIVE -nostdinc -Iinclude/ | gcc -c -x cpp-output -o build/native/data/rooms/brinstar/brinstar_13.o -std=gnu89 -
python3 tools/preproc.py src/data/rooms/brinstar/brinstar_14.c charmap.txt | cpp -DREGION_EU -DNATIVE -nostdinc -Iinclude/ | gcc -c -x cpp-output -o build/native/data/rooms/brinstar/brinstar_14.o -std=gnu89 -
python3 tools/preproc.py src/data/rooms/brinstar/brinstar_15.c charmap.txt | cpp -DREGION_EU -DNATIVE -nostdinc -Iinclude/ | gcc -c -x cpp-output -o build/native/data/rooms/brinstar/brinstar_15.o -std=gnu89 -
python3 tools/preproc.py src/data/rooms/brinstar/brinstar_16.c charmap.txt | cpp -DREGION_EU -DNATIVE -nostdinc -Iinclude/ | gcc -c -x cpp-output -o build/native/data/rooms/brinstar/brinstar_16.o -std=gnu89 -
python3 tools/preproc.py src/data/rooms/brinstar/brinstar_17.c charmap.txt | cpp -DREGION_EU -DNATIVE -nostdinc -Iinclude/ | gcc -c -x cpp-output -o build/native/data/rooms/brinstar/brinstar_17.o -std=gnu89 -
python3 tools/preproc.py src/data/rooms/brinstar/brinstar_18.c charmap.txt | cpp -DREGION_EU -DNATIVE -nostdinc -Iinclude/ | gcc -c -x cpp-output -o build/native/data/rooms/brinstar/brinstar_18.o -std=gnu89 -
python3 tools/preproc.py src/data/rooms/brinstar/brinstar_19.c charmap.txt | cpp -DREGION_EU -DNATIVE -nostdinc -Iinclude/ | gcc -c -x cpp-output -o build/native/data/rooms/brinstar/brinstar_19.o -std=gnu89 -
python3 tools/preproc.py src/data/rooms/brinstar/brinstar_1.c charmap.txt | cpp -DREGION_EU -DNATIVE -nostdinc -Iinclude/ | gcc -c -x cpp-output -o build/native/data/rooms/brinstar/brinstar_1.o -std=gnu89 -
python3 tools/preproc.py src/data/rooms/brinstar/brinstar_20.c charmap.txt | cpp -DREGION_EU -DNATIVE -nostdinc -Iinclude/ | gcc -c -x cpp-output -o build/native/data/rooms/brinstar/brinstar_20.o -std=gnu89 -
python3 tools/preproc.py src/data/rooms/brinstar/brinstar_21.c charmap.txt | cpp -DREGION_EU -DNATIVE -nostdinc -Iinclude/ | gcc -c -x cpp-output -o build/native/data/rooms/brinstar/brinstar_21.o -std=gnu89 -
python3 tools/preproc.py src/data/rooms/brinstar/brinstar_22.c charmap.txt | cpp -DREGION_EU -DNATIVE -nostdinc -Iinclude/ | gcc -c -x cpp-output -o build/native/data/rooms/brinstar/brinstar_22.o -std=gnu89 -
python3 tools/preproc.py src/data/rooms/brinstar/brinstar_23.c charmap.txt | cpp -DREGION_EU -DNATIVE -nostdinc -Iinclude/ | gcc -c -x cpp-output -o build/native/data/rooms/brinstar/brinstar_23.o -std=gnu89 -
python3 tools/preproc.py src/data/rooms/brinstar/brinstar_24.c charmap.txt | cpp -DREGION_EU -DNATIVE -nostdinc -Iinclude/ | gcc -c -x cpp-output -o build/native/data/rooms/brinstar/brinstar_24.o -std=gnu89 -
python3 tools/preproc.py src/data/rooms/brinstar/brinstar_25.c charmap.txt | cpp -DREGION_EU -DNATIVE -nostdinc -Iinclude/ | gcc -c -x cpp-output -o build/native/data/rooms/brinstar/brinstar_25.o -std=gnu89 -
python3 tools/preproc.py src/data/rooms/brinstar/brinstar_26.c charmap.txt | cpp -DREGION_EU -DNATIVE -nostdinc -Iinclude/ | gcc -c -x cpp-output -o build/native/data/rooms/brinstar/brinstar_26.o -std=gnu89 -
python3 tools/preproc.py src/data/rooms/brinstar/brinstar_27.c charmap.txt | cpp -DREGION_EU -DNATIVE -nostdinc -Iinclude/ | gcc -c -x cpp-output -o build/native/data/rooms/brinstar/brinstar_27.o -std=gnu89 -
python3 tools/preproc.py src/data/rooms/brinstar/brinstar_28.c charmap.txt | cpp -DREGION_EU -DNATIVE -nostdinc -Iinclude/ | gcc -c -x cpp-output -o build/native/data/rooms/brinstar/brinstar_28.o -std=gnu89 -
python3 tools/preproc.py src/data/rooms/brinstar/brinstar_29.c charmap.txt | cpp -DREGION_EU -DNATIVE -nostdinc -Iinclude/ | gcc -c -x cpp-output -o build/native/data/rooms/brinstar/brinstar_29.o -std=gnu89 -
python3 tools/preproc.py src/data/rooms/brinstar/brinstar_2.c charmap.txt | cpp -DREGION_EU -DNATIVE -nostdinc -Iinclude/ | gcc -c -x cpp-output -o build/native/data/rooms/brinstar/brinstar_2.o -std=gnu89 -
python3 tools/preproc.py src/data/rooms/brinstar/brinstar_30.c charmap.txt | cpp -DREGION_EU -DNATIVE -nostdinc -Iinclude/ | gcc -c -x cpp-output -o build/native/data/rooms/brinstar/brinstar_30.o -std=gnu89 -
python3 tools/preproc.py src/data/rooms/brinstar/brinstar_31.c charmap.txt | cpp -DREGION_EU -DNATIVE -nostdinc -Iinclude/ | gcc -c -x cpp-output -o build/native/data/rooms/brinstar/brinstar_31.o -std=gnu89 -
python3 tools/preproc.py src/data/rooms/brinstar/brinstar_32.c charmap.txt | cpp -DREGION_EU -DNATIVE -nostdinc -Iinclude/ | gcc -c -x cpp-output -o build/native/data/rooms/brinstar/brinstar_32.o -std=gnu89 -
python3 tools/preproc.py src/data/rooms/brinstar/brinstar_33.c charmap.txt | cpp -DREGION_EU -DNATIVE -nostdinc -Iinclude/ | gcc -c -x cpp-output -o build/native/data/rooms/brinstar/brinstar_33.o -std=gnu89 -
python3 tools/preproc.py src/data/rooms/brinstar/brinstar_34.c charmap.txt | cpp -DREGION_EU -DNATIVE -nostdinc -Iinclude/ | gcc -c -x cpp-output -o build/native/data/rooms/brinstar/brinstar_34.o -std=gnu89 -
python3 tools/preproc.py src/data/rooms/brinstar/brinstar_35.c charmap.txt | cpp -DREGION_EU -DNATIVE -nostdinc -Iinclude/ | gcc -c -x cpp-output -o build/native/data/rooms/brinstar/brinstar_35.o -std=gnu89 -
python3 tools/preproc.py src/data/rooms/brinstar/brinstar_36.c charmap.txt | cpp -DREGION_EU -DNATIVE -nostdinc -Iinclude/ | gcc -c -x cpp-output -o build/native/data/rooms/brinstar/brinstar_36.o -std=gnu89 -
python3 tools/preproc.py src/data/rooms/brinstar/brinstar_37.c charmap.txt | cpp -DREGION_EU -DNATIVE -nostdinc -Iinclude/ | gcc -c -x cpp-output -o build/native/data/rooms/brinstar/brinstar_37.o -std=gnu89 -
python3 tools/preproc.py src/data/rooms/brinstar/brinstar_38.c charmap.txt | cpp -DREGION_EU -DNATIVE -nostdinc -Iinclude/ | gcc -c -x cpp-output -o build/native/data/rooms/brinstar/brinstar_38.o -std=gnu89 -
python3 tools/preproc.py src/data/rooms/brinstar/brinstar_39.c charmap.txt | cpp -DREGION_EU -DNATIVE -nostdinc -Iinclude/ | gcc -c -x cpp-output -o build/native/data/rooms/brinstar/brinstar_39.o -std=gnu89 -
python3 tools/preproc.py src/data/rooms/brinstar/brinstar_3.c charmap.txt | cpp -DREGION_EU -DNATIVE -nostdinc -Iinclude/ | gcc -c -x cpp-output -o build/native/data/rooms/brinstar/brinstar_3.o -std=gnu89 -
python3 tools/preproc.py src/data/rooms/brinstar/brinstar_40.c charmap.txt | cpp -DREGION_EU -DNATIVE -nostdinc -Iinclude/ | gcc -c -x cpp-output -o build/native/data/rooms/brinstar/brinstar_40.o -std=gnu89 -
python3 tools/preproc.py src/data/rooms/brinstar/brinstar_41.c charmap.txt | cpp -DREGION_EU -DNATIVE -nostdinc -Iinclude/ | gcc -c -x cpp-output -o build/native/data/rooms/brinstar/brinstar_41.o -std=gnu89 -
python3 tools/preproc.py src/data/rooms/brinstar/brinstar_4.c charmap.txt | cpp -DREGION_EU -DNATIVE -nostdinc -Iinclude/ | gcc -c -x cpp-output -o build/native/data/rooms/brinstar/brinstar_4.o -std=gnu89 -
python3 tools/preproc.py src/data/rooms/brinstar/brinstar_5.c charmap.txt | cpp -DREGION_EU -DNATIVE -nostdinc -Iinclude/ | gcc -c -x cpp-output -o build/native/data/rooms/brinstar/brinstar_5.o -std=gnu89 -
python3 tools/preproc.py src/data/rooms/brinstar/brinstar_6.c charmap.txt | cpp -DREGION_EU -DNATIVE -nostdinc -Iinclude/ | gcc -c -x cpp-output -o build/native/data/rooms/brinstar/brinstar_6.o -std=gnu89 -
python3 tools/preproc.py src/data/rooms/brinstar/brinstar_7.c charmap.txt | cpp -DREGION_EU -DNATIVE -nostdinc -Iinclude/ | gcc -c -x cpp-output -o build/native/data/rooms/brinstar/brinstar_7.o -std=gnu89 -
python3 tools/preproc.py src/data/rooms/brinstar/brinstar_8.c charmap.txt | cpp -DREGION_EU -DNATIVE -nostdinc -Iinclude/ | gcc -c -x cpp-output -o build/native/data/rooms/brinstar/brinstar_8.o -std=gnu89 -
python3 tools/preproc.py src/data/rooms/brinstar/brinstar_9.c charmap.txt | cpp -DREGION_EU -DNATIVE -nostdinc -Iinclude/ | gcc -c -x cpp-output -o build/native/data/rooms/brinstar/brinstar_9.o -std=gnu89 -
python3 tools/preproc.py src/data/rooms/chozodia/bg3.c charmap.txt | cpp -DREGION_EU -DNATIVE -nostdinc -Iinclude/ | gcc -c -x cpp-output -o build/native/data/rooms/chozodia/bg3.o -std=gnu89 -
python3 tools/preproc.py src/data/rooms/chozodia/chozodia_0.c charmap.txt | cpp -DREGION_EU -DNATIVE -nostdinc -Iinclude/ | gcc -c -x cpp-output -o build/native/data/rooms/chozodia/chozodia_0.o -std=gnu89 -
python3 tools/preproc.py src/data/rooms/chozodia/chozodia_10.c charmap.txt | cpp -DREGION_EU -DNATIVE -nostdinc -Iinclude/ | gcc -c -x cpp-output -o build/native/data/rooms/chozodia/chozodia_10.o -std=gnu89 -
python3 tools/preproc.py src/data/rooms/chozodia/chozodia_11.c charmap.txt | cpp -DREGION_EU -DNATIVE -nostdinc -Iinclude/ | gcc -c -x cpp-output -o build/native/data/rooms/chozodia/chozodia_11.o -std=gnu89 -
python3 tools/preproc.py src/data/rooms/chozodia/chozodia_12.c charmap.txt | cpp -DREGION_EU -DNATIVE -nostdinc -Iinclude/ | gcc -c -x cpp-output -o build/native/data/rooms/chozodia/chozodia_12.o -std=gnu89 -
python3 tools/preproc.py src/data/rooms/chozodia/chozodia_13.c charmap.txt | cpp -DREGION_EU -DNATIVE -nostdinc -Iinclude/ | gcc -c -x cpp-output -o build/native/data/rooms/chozodia/chozodia_13.o -std=gnu89 -
python3 tools/preproc.py src/data/rooms/chozodia/chozodia_14.c charmap.txt | cpp -DREGION_EU -DNATIVE -nostdinc -Iinclude/ | gcc -c -x cpp-output -o build/native/data/rooms/chozodia/chozodia_14.o -std=gnu89 -
python3 tools/preproc.py src/data/rooms/chozodia/chozodia_15.c charmap.txt | cpp -DREGION_EU -DNATIVE -nostdinc -Iinclude/ | gcc -c -x cpp-output -o build/native/data/rooms/chozodia/chozodia_15.o -std=gnu89 -
python3 tools/preproc.py src/data/rooms/chozodia/chozodia_16.c charmap.txt | cpp -DREGION_EU -DNATIVE -nostdinc -Iinclude/ | gcc -c -x cpp-output -o build/native/data/rooms/chozodia/chozodia_16.o -std=gnu89 -
python3 tools/preproc.py src/data/rooms/chozodia/chozodia_18.c charmap.txt | cpp -DREGION_EU -DNATIVE -nostdinc -Iinclude/ | gcc -c -x cpp-output -o build/native/data/rooms/chozodia/chozodia_18.o -std=gnu89 -
python3 tools/preproc.py src/data/rooms/chozodia/chozodia_17.c charmap.txt | cpp -DREGION_EU -DNATIVE -nostdinc -Iinclude/ | gcc -c -x cpp-output -o build/native/data/rooms/chozodia/chozodia_17.o -std=gnu89 -
python3 tools/preproc.py src/data/rooms/chozodia/chozodia_19.c charmap.txt | cpp -DREGION_EU -DNATIVE -nostdinc -Iinclude/ | gcc -c -x cpp-output -o build/native/data/rooms/chozodia/chozodia_19.o -std=gnu89 -
python3 tools/preproc.py src/data/rooms/chozodia/chozodia_1.c charmap.txt | cpp -DREGION_EU -DNATIVE -nostdinc -Iinclude/ | gcc -c -x cpp-output -o build/native/data/rooms/chozodia/chozodia_1.o -std=gnu89 -
python3 tools/preproc.py src/data/rooms/chozodia/chozodia_20.c charmap.txt | cpp -DREGION_EU -DNATIVE -nostdinc -Iinclude/ | gcc -c -x cpp-output -o build/native/data/rooms/chozodia/chozodia_20.o -std=gnu89 -
python3 tools/preproc.py src/data/rooms/chozodia/chozodia_21.c charmap.txt | cpp -DREGION_EU -DNATIVE -nostdinc -Iinclude/ | gcc -c -x cpp-output -o build/native/data/rooms/chozodia/chozodia_21.o -std=gnu89 -
python3 tools/preproc.py src/data/rooms/chozodia/chozodia_22.c charmap.txt | cpp -DREGION_EU -DNATIVE -nostdinc -Iinclude/ | gcc -c -x cpp-output -o build/native/data/rooms/chozodia/chozodia_22.o -std=gnu89 -
python3 tools/preproc.py src/data/rooms/chozodia/chozodia_23.c charmap.txt | cpp -DREGION_EU -DNATIVE -nostdinc -Iinclude/ | gcc -c -x cpp-output -o build/native/data/rooms/chozodia/chozodia_23.o -std=gnu89 -
python3 tools/preproc.py src/data/rooms/chozodia/chozodia_24.c charmap.txt | cpp -DREGION_EU -DNATIVE -nostdinc -Iinclude/ | gcc -c -x cpp-output -o build/native/data/rooms/chozodia/chozodia_24.o -std=gnu89 -
python3 tools/preproc.py src/data/rooms/chozodia/chozodia_25.c charmap.txt | cpp -DREGION_EU -DNATIVE -nostdinc -Iinclude/ | gcc -c -x cpp-output -o build/native/data/rooms/chozodia/chozodia_25.o -std=gnu89 -
python3 tools/preproc.py src/data/rooms/chozodia/chozodia_26.c charmap.txt | cpp -DREGION_EU -DNATIVE -nostdinc -Iinclude/ | gcc -c -x cpp-output -o build/native/data/rooms/chozodia/chozodia_26.o -std=gnu89 -
python3 tools/preproc.py src/data/rooms/chozodia/chozodia_27.c charmap.txt | cpp -DREGION_EU -DNATIVE -nostdinc -Iinclude/ | gcc -c -x cpp-output -o build/native/data/rooms/chozodia/chozodia_27.o -std=gnu89 -
python3 tools/preproc.py src/data/rooms/chozodia/chozodia_28.c charmap.txt | cpp -DREGION_EU -DNATIVE -nostdinc -Iinclude/ | gcc -c -x cpp-output -o build/native/data/rooms/chozodia/chozodia_28.o -std=gnu89 -
python3 tools/preproc.py src/data/rooms/chozodia/chozodia_29.c charmap.txt | cpp -DREGION_EU -DNATIVE -nostdinc -Iinclude/ | gcc -c -x cpp-output -o build/native/data/rooms/chozodia/chozodia_29.o -std=gnu89 -
python3 tools/preproc.py src/data/rooms/chozodia/chozodia_2.c charmap.txt | cpp -DREGION_EU -DNATIVE -nostdinc -Iinclude/ | gcc -c -x cpp-output -o build/native/data/rooms/chozodia/chozodia_2.o -std=gnu89 -
python3 tools/preproc.py src/data/rooms/chozodia/chozodia_30.c charmap.txt | cpp -DREGION_EU -DNATIVE -nostdinc -Iinclude/ | gcc -c -x cpp-output -o build/native/data/rooms/chozodia/chozodia_30.o -std=gnu89 -
python3 tools/preproc.py src/data/rooms/chozodia/chozodia_31.c charmap.txt | cpp -DREGION_EU -DNATIVE -nostdinc -Iinclude/ | gcc -c -x cpp-output -o build/native/data/rooms/chozodia/chozodia_31.o -std=gnu89 -
python3 tools/preproc.py src/data/rooms/chozodia/chozodia_32.c charmap.txt | cpp -DREGION_EU -DNATIVE -nostdinc -Iinclude/ | gcc -c -x cpp-output -o build/native/data/rooms/chozodia/chozodia_32.o -std=gnu89 -
python3 tools/preproc.py src/data/rooms/chozodia/chozodia_33.c charmap.txt | cpp -DREGION_EU -DNATIVE -nostdinc -Iinclude/ | gcc -c -x cpp-output -o build/native/data/rooms/chozodia/chozodia_33.o -std=gnu89 -
python3 tools/preproc.py src/data/rooms/chozodia/chozodia_34.c charmap.txt | cpp -DREGION_EU -DNATIVE -nostdinc -Iinclude/ | gcc -c -x cpp-output -o build/native/data/rooms/chozodia/chozodia_34.o -std=gnu89 -
python3 tools/preproc.py src/data/rooms/chozodia/chozodia_35.c charmap.txt | cpp -DREGION_EU -DNATIVE -nostdinc -Iinclude/ | gcc -c -x cpp-output -o build/native/data/rooms/chozodia/chozodia_35.o -std=gnu89 -
python3 tools/preproc.py src/data/rooms/chozodia/chozodia_36.c charmap.txt | cpp -DREGION_EU -DNATIVE -nostdinc -Iinclude/ | gcc -c -x cpp-output -o build/native/data/rooms/chozodia/chozodia_36.o -std=gnu89 -
python3 tools/preproc.py src/data/rooms/chozodia/chozodia_37.c charmap.txt | cpp -DREGION_EU -DNATIVE -nostdinc -Iinclude/ | gcc -c -x cpp-output -o build/native/data/rooms/chozodia/chozodia_37.o -std=gnu89 -
python3 tools/preproc.py src/data/rooms/chozodia/chozodia_38.c charmap.txt | cpp -DREGION_EU -DNATIVE -nostdinc -Iinclude/ | gcc -c -x cpp-output -o build/native/data/rooms/chozodia/chozodia_38.o -std=gnu89 -
python3 tools/preproc.py src/data/rooms/chozodia/chozodia_39.c charmap.txt | cpp -DREGION_EU -DNATIVE -nostdinc -Iinclude/ | gcc -c -x cpp-output -o build/native/data/rooms/chozodia/chozodia_39.o -std=gnu89 -
python3 tools/preproc.py src/data/rooms/chozodia/chozodia_3.c charmap.txt | cpp -DREGION_EU -DNATIVE -nostdinc -Iinclude/ | gcc -c -x cpp-output -o build/native/data/rooms/chozodia/chozodia_3.o -std=gnu89 -
python3 tools/preproc.py src/data/rooms/chozodia/chozodia_40.c charmap.txt | cpp -DREGION_EU -DNATIVE -nostdinc -Iinclude/ | gcc -c -x cpp-output -o build/native/data/rooms/chozodia/chozodia_40.o -std=gnu89 -
python3 tools/preproc.py src/data/rooms/chozodia/chozodia_41.c charmap.txt | cpp -DREGION_EU -DNATIVE -nostdinc -Iinclude/ | gcc -c -x cpp-output -o build/native/data/rooms/chozodia/chozodia_41.o -std=gnu89 -
python3 tools/preproc.py src/data/rooms/chozodia/chozodia_42.c charmap.txt | cpp -DREGION_EU -DNATIVE -nostdinc -Iinclude/ | gcc -c -x cpp-output -o build/native/data/rooms/chozodia/chozodia_42.o -std=gnu89 -
python3 tools/preproc.py src/data/rooms/chozodia/chozodia_43.c charmap.txt | cpp -DREGION_EU -DNATIVE -nostdinc -Iinclude/ | gcc -c -x cpp-output -o build/native/data/rooms/chozodia/chozodia_43.o -std=gnu89 -
python3 tools/preproc.py src/data/rooms/chozodia/chozodia_44.c charmap.txt | cpp -DREGION_EU -DNATIVE -nostdinc -Iinclude/ | gcc -c -x cpp-output -o build/native/data/rooms/chozodia/chozodia_44.o -std=gnu89 -
python3 tools/preproc.py src/data/rooms/chozodia/chozodia_45.c charmap.txt | cpp -DREGION_EU -DNATIVE -nostdinc -Iinclude/ | gcc -c -x cpp-output -o build/native/data/rooms/chozodia/chozodia_45.o -std=gnu89 -
python3 tools/preproc.py src/data/rooms/chozodia/chozodia_46.c charmap.txt | cpp -DREGION_EU -DNATIVE -nostdinc -Iinclude/ | gcc -c -x cpp-output -o build/native/data/rooms/chozodia/chozodia_46.o -std=gnu89 -
python3 tools/preproc.py src/data/rooms/chozodia/chozodia_47.c charmap.txt | cpp -DREGION_EU -DNATIVE -nostdinc -Iinclude/ | gcc -c -x cpp-output -o build/native/data/rooms/chozodia/chozodia_47.o -std=gnu89 -
python3 tools/preproc.py src/data/rooms/chozodia/chozodia_48.c charmap.txt | cpp -DREGION_EU -DNATIVE -nostdinc -Iinclude/ | gcc -c -x cpp-output -o build/native/data/rooms/chozodia/chozodia_48.o -std=gnu89 -
python3 tools/preproc.py src/data/rooms/chozodia/chozodia_49.c charmap.txt | cpp -DREGION_EU -DNATIVE -nostdinc -Iinclude/ | gcc -c -x cpp-output -o build/native/data/rooms/chozodia/chozodia_49.o -std=gnu89 -
python3 tools/preproc.py src/data/rooms/chozodia/chozodia_4.c charmap.txt | cpp -DREGION_EU -DNATIVE -nostdinc -Iinclude/ | gcc -c -x cpp-output -o build/native/data/rooms/chozodia/chozodia_4.o -std=gnu89 -
python3 tools/preproc.py src/data/rooms/chozodia/chozodia_50.c charmap.txt | cpp -DREGION_EU -DNATIVE -nostdinc -Iinclude/ | gcc -c -x cpp-output -o build/native/data/rooms/chozodia/chozodia_50.o -std=gnu89 -
python3 tools/preproc.py src/data/rooms/chozodia/chozodia_51.c charmap.txt | cpp -DREGION_EU -DNATIVE -nostdinc -Iinclude/ | gcc -c -x cpp-output -o build/native/data/rooms/chozodia/chozodia_51.o -std=gnu89 -
python3 tools/preproc.py src/data/rooms/chozodia/chozodia_52.c charmap.txt | cpp -DREGION_EU -DNATIVE -nostdinc -Iinclude/ | gcc -c -x cpp-output -o build/native/data/rooms/chozodia/chozodia_52.o -std=gnu89 -
python3 tools/preproc.py src/data/rooms/chozodia/chozodia_53.c charmap.txt | cpp -DREGION_EU -DNATIVE -nostdinc -Iinclude/ | gcc -c -x cpp-output -o build/native/data/rooms/chozodia/chozodia_53.o -std=gnu89 -
python3 tools/preproc.py src/data/rooms/chozodia/chozodia_55.c charmap.txt | cpp -DREGION_EU -DNATIVE -nostdinc -Iinclude/ | gcc -c -x cpp-output -o build/native/data/rooms/chozodia/chozodia_55.o -std=gnu89 -
python3 tools/preproc.py src/data/rooms/chozodia/chozodia_54.c charmap.txt | cpp -DREGION_EU -DNATIVE -nostdinc -Iinclude/ | gcc -c -x cpp-output -o build/native/data/rooms/chozodia/chozodia_54.o -std=gnu89 -
python3 tools/preproc.py src/data/rooms/chozodia/chozodia_56.c charmap.txt | cpp -DREGION_EU -DNATIVE -nostdinc -Iinclude/ | gcc -c -x cpp-output -o build/native/data/rooms/chozodia/chozodia_56.o -std=gnu89 -
python3 tools/preproc.py src/data/rooms/chozodia/chozodia_58.c charmap.txt | cpp -DREGION_EU -DNATIVE -nostdinc -Iinclude/ | gcc -c -x cpp-output -o build/native/data/rooms/chozodia/chozodia_58.o -std=gnu89 -
python3 tools/preproc.py src/data/rooms/chozodia/chozodia_57.c charmap.txt | cpp -DREGION_EU -DNATIVE -nostdinc -Iinclude/ | gcc -c -x cpp-output -o build/native/data/rooms/chozodia/chozodia_57.o -std=gnu89 -
python3 tools/preproc.py src/data/rooms/chozodia/chozodia_59.c charmap.txt | cpp -DREGION_EU -DNATIVE -nostdinc -Iinclude/ | gcc -c -x cpp-output -o build/native/data/rooms/chozodia/chozodia_59.o -std=gnu89 -
python3 tools/preproc.py src/data/rooms/chozodia/chozodia_5.c charmap.txt | cpp -DREGION_EU -DNATIVE -nostdinc -Iinclude/ | gcc -c -x cpp-output -o build/native/data/rooms/chozodia/chozodia_5.o -std=gnu89 -
python3 tools/preproc.py src/data/rooms/chozodia/chozodia_60.c charmap.txt | cpp -DREGION_EU -DNATIVE -nostdinc -Iinclude/ | gcc -c -x cpp-output -o build/native/data/rooms/chozodia/chozodia_60.o -std=gnu89 -
python3 tools/preproc.py src/data/rooms/chozodia/chozodia_61.c charmap.txt | cpp -DREGION_EU -DNATIVE -nostdinc -Iinclude/ | gcc -c -x cpp-output -o build/native/data/rooms/chozodia/chozodia_61.o -std=gnu89 -
python3 tools/preproc.py src/data/rooms/chozodia/chozodia_62.c charmap.txt | cpp -DREGION_EU -DNATIVE -nostdinc -Iinclude/ | gcc -c -x cpp-output -o build/native/data/rooms/chozodia/chozodia_62.o -std=gnu89 -
python3 tools/preproc.py src/data/rooms/chozodia/chozodia_63.c charmap.txt | cpp -DREGION_EU -DNATIVE -nostdinc -Iinclude/ | gcc -c -x cpp-output -o build/native/data/rooms/chozodia/chozodia_63.o -std=gnu89 -
python3 tools/preproc.py src/data/rooms/chozodia/chozodia_64.c charmap.txt | cpp -DREGION_EU -DNATIVE -nostdinc -Iinclude/ | gcc -c -x cpp-output -o build/native/data/rooms/chozodia/chozodia_64.o -std=gnu89 -
python3 tools/preproc.py src/data/rooms/chozodia/chozodia_65.c charmap.txt | cpp -DREGION_EU -DNATIVE -nostdinc -Iinclude/ | gcc -c -x cpp-output -o build/native/data/rooms/chozodia/chozodia_65.o -std=gnu89 -
python3 tools/preproc.py src/data/rooms/chozodia/chozodia_66.c charmap.txt | cpp -DREGION_EU -DNATIVE -nostdinc -Iinclude/ | gcc -c -x cpp-output -o build/native/data/rooms/chozodia/chozodia_66.o -std=gnu89 -
python3 tools/preproc.py src/data/rooms/chozodia/chozodia_67.c charmap.txt | cpp -DREGION_EU -DNATIVE -nostdinc -Iinclude/ | gcc -c -x cpp-output -o build/native/data/rooms/chozodia/chozodia_67.o -std=gnu89 -
python3 tools/preproc.py src/data/rooms/chozodia/chozodia_68.c charmap.txt | cpp -DREGION_EU -DNATIVE -nostdinc -Iinclude/ | gcc -c -x cpp-output -o build/native/data/rooms/chozodia/chozodia_68.o -std=gnu89 -
python3 tools/preproc.py src/data/rooms/chozodia/chozodia_69.c charmap.txt | cpp -DREGION_EU -DNATIVE -nostdinc -Iinclude/ | gcc -c -x cpp-output -o build/native/data/rooms/chozodia/chozodia_69.o -std=gnu89 -
python3 tools/preproc.py src/data/rooms/chozodia/chozodia_6.c charmap.txt | cpp -DREGION_EU -DNATIVE -nostdinc -Iinclude/ | gcc -c -x cpp-output -o build/native/data/rooms/chozodia/chozodia_6.o -std=gnu89 -
python3 tools/preproc.py src/data/rooms/chozodia/chozodia_70.c charmap.txt | cpp -DREGION_EU -DNATIVE -nostdinc -Iinclude/ | gcc -c -x cpp-output -o build/native/data/rooms/chozodia/chozodia_70.o -std=gnu89 -
python3 tools/preproc.py src/data/rooms/chozodia/chozodia_71.c charmap.txt | cpp -DREGION_EU -DNATIVE -nostdinc -Iinclude/ | gcc -c -x cpp-output -o build/native/data/rooms/chozodia/chozodia_71.o -std=gnu89 -
python3 tools/preproc.py src/data/rooms/chozodia/chozodia_72.c charmap.txt | cpp -DREGION_EU -DNATIVE -nostdinc -Iinclude/ | gcc -c -x cpp-output -o build/native/data/rooms/chozodia/chozodia_72.o -std=gnu89 -
python3 tools/preproc.py src/data/rooms/chozodia/chozodia_73.c charmap.txt | cpp -DREGION_EU -DNATIVE -nostdinc -Iinclude/ | gcc -c -x cpp-output -o build/native/data/rooms/chozodia/chozodia_73.o -std=gnu89 -
python3 tools/preproc.py src/data/rooms/chozodia/chozodia_74.c charmap.txt | cpp -DREGION_EU -DNATIVE -nostdinc -Iinclude/ | gcc -c -x cpp-output -o build/native/data/rooms/chozodia/chozodia_74.o -std=gnu89 -
python3 tools/preproc.py src/data/rooms/chozodia/chozodia_75.c charmap.txt | cpp -DREGION_EU -DNATIVE -nostdinc -Iinclude/ | gcc -c -x cpp-output -o build/native/data/rooms/chozodia/chozodia_75.o -std=gnu89 -
python3 tools/preproc.py src/data/rooms/chozodia/chozodia_76.c charmap.txt | cpp -DREGION_EU -DNATIVE -nostdinc -Iinclude/ | gcc -c -x cpp-output -o build/native/data/rooms/chozodia/chozodia_76.o -std=gnu89 -
python3 tools/preproc.py src/data/rooms/chozodia/chozodia_77.c charmap.txt | cpp -DREGION_EU -DNATIVE -nostdinc -Iinclude/ | gcc -c -x cpp-output -o build/native/data/rooms/chozodia/chozodia_77.o -std=gnu89 -
python3 tools/preproc.py src/data/rooms/chozodia/chozodia_78.c charmap.txt | cpp -DREGION_EU -DNATIVE -nostdinc -Iinclude/ | gcc -c -x cpp-output -o build/native/data/rooms/chozodia/chozodia_78.o -std=gnu89 -
python3 tools/preproc.py src/data/rooms/chozodia/chozodia_79.c charmap.txt | cpp -DREGION_EU -DNATIVE -nostdinc -Iinclude/ | gcc -c -x cpp-output -o build/native/data/rooms/chozodia/chozodia_79.o -std=gnu89 -
python3 tools/preproc.py src/data/rooms/chozodia/chozodia_7.c charmap.txt | cpp -DREGION_EU -DNATIVE -nostdinc -Iinclude/ | gcc -c -x cpp-output -o build/native/data/rooms/chozodia/chozodia_7.o -std=gnu89 -
python3 tools/preproc.py src/data/rooms/chozodia/chozodia_80.c charmap.txt | cpp -DREGION_EU -DNATIVE -nostdinc -Iinclude/ | gcc -c -x cpp-output -o build/native/data/rooms/chozodia/chozodia_80.o -std=gnu89 -
python3 tools/preproc.py src/data/rooms/chozodia/chozodia_81.c charmap.txt | cpp -DREGION_EU -DNATIVE -nostdinc -Iinclude/ | gcc -c -x cpp-output -o build/native/data/rooms/chozodia/chozodia_81.o -std=gnu89 -
python3 tools/preproc.py src/data/rooms/chozodia/chozodia_82.c charmap.txt | cpp -DREGION_EU -DNATIVE -nostdinc -Iinclude/ | gcc -c -x cpp-output -o build/native/data/rooms/chozodia/chozodia_82.o -std=gnu89 -
python3 tools/preproc.py src/data/rooms/chozodia/chozodia_83.c charmap.txt | cpp -DREGION_EU -DNATIVE -nostdinc -Iinclude/ | gcc -c -x cpp-output -o build/native/data/rooms/chozodia/chozodia_83.o -std=gnu89 -
python3 tools/preproc.py src/data/rooms/chozodia/chozodia_84.c charmap.txt | cpp -DREGION_EU -DNATIVE -nostdinc -Iinclude/ | gcc -c -x cpp-output -o build/native/data/rooms/chozodia/chozodia_84.o -std=gnu89 -
python3 tools/preproc.py src/data/rooms/chozodia/chozodia_85.c charmap.txt | cpp -DREGION_EU -DNATIVE -nostdinc -Iinclude/ | gcc -c -x cpp-output -o build/native/data/rooms/chozodia/chozodia_85.o -std=gnu89 -
python3 tools/preproc.py src/data/rooms/chozodia/chozodia_86.c charmap.txt | cpp -DREGION_EU -DNATIVE -nostdinc -Iinclude/ | gcc -c -x cpp-output -o build/native/data/rooms/chozodia/chozodia_86.o -std=gnu89 -
python3 tools/preproc.py src/data/rooms/chozodia/chozodia_87.c charmap.txt | cpp -DREGION_EU -DNATIVE -nostdinc -Iinclude/ | gcc -c -x cpp-output -o build/native/data/rooms/chozodia/chozodia_87.o -std=gnu89 -
python3 tools/preproc.py src/data/rooms/chozodia/chozodia_88.c charmap.txt | cpp -DREGION_EU -DNATIVE -nostdinc -Iinclude/ | gcc -c -x cpp-output -o build/native/data/rooms/chozodia/chozodia_88.o -std=gnu89 -
python3 tools/preproc.py src/data/rooms/chozodia/chozodia_89.c charmap.txt | cpp -DREGION_EU -DNATIVE -nostdinc -Iinclude/ | gcc -c -x cpp-output -o build/native/data/rooms/chozodia/chozodia_89.o -std=gnu89 -
python3 tools/preproc.py src/data/rooms/chozodia/chozodia_8.c charmap.txt | cpp -DREGION_EU -DNATIVE -nostdinc -Iinclude/ | gcc -c -x cpp-output -o build/native/data/rooms/chozodia/chozodia_8.o -std=gnu89 -
python3 tools/preproc.py src/data/rooms/chozodia/chozodia_90.c charmap.txt | cpp -DREGION_EU -DNATIVE -nostdinc -Iinclude/ | gcc -c -x cpp-output -o build/native/data/rooms/chozodia/chozodia_90.o -std=gnu89 -
python3 tools/preproc.py src/data/rooms/chozodia/chozodia_91.c charmap.txt | cpp -DREGION_EU -DNATIVE -nostdinc -Iinclude/ | gcc -c -x cpp-output -o build/native/data/rooms/chozodia/chozodia_91.o -std=gnu89 -
python3 tools/preproc.py src/data/rooms/chozodia/chozodia_93.c charmap.txt | cpp -DREGION_EU -DNATIVE -nostdinc -Iinclude/ | gcc -c -x cpp-output -o build/native/data/rooms/chozodia/chozodia_93.o -std=gnu89 -
python3 tools/preproc.py src/data/rooms/chozodia/chozodia_92.c charmap.txt | cpp -DREGION_EU -DNATIVE -nostdinc -Iinclude/ | gcc -c -x cpp-output -o build/native/data/rooms/chozodia/chozodia_92.o -std=gnu89 -
python3 tools/preproc.py src/data/rooms/chozodia/chozodia_94.c charmap.txt | cpp -DREGION_EU -DNATIVE -nostdinc -Iinclude/ | gcc -c -x cpp-output -o build/native/data/rooms/chozodia/chozodia_94.o -std=gnu89 -
python3 tools/preproc.py src/data/rooms/chozodia/chozodia_95.c charmap.txt | cpp -DREGION_EU -DNATIVE -nostdinc -Iinclude/ | gcc -c -x cpp-output -o build/native/data/rooms/chozodia/chozodia_95.o -std=gnu89 -
python3 tools/preproc.py src/data/rooms/chozodia/chozodia_96.c charmap.txt | cpp -DREGION_EU -DNATIVE -nostdinc -Iinclude/ | gcc -c -x cpp-output -o build/native/data/rooms/chozodia/chozodia_96.o -std=gnu89 -
python3 tools/preproc.py src/data/rooms/chozodia/chozodia_97.c charmap.txt | cpp -DREGION_EU -DNATIVE -nostdinc -Iinclude/ | gcc -c -x cpp-output -o build/native/data/rooms/chozodia/chozodia_97.o -std=gnu89 -
python3 tools/preproc.py src/data/rooms/chozodia/chozodia_98.c charmap.txt | cpp -DREGION_EU -DNATIVE -nostdinc -Iinclude/ | gcc -c -x cpp-output -o build/native/data/rooms/chozodia/chozodia_98.o -std=gnu89 -
python3 tools/preproc.py src/data/rooms/chozodia/chozodia_9.c charmap.txt | cpp -DREGION_EU -DNATIVE -nostdinc -Iinclude/ | gcc -c -x cpp-output -o build/native/data/rooms/chozodia/chozodia_9.o -std=gnu89 -
python3 tools/preproc.py src/data/rooms/crateria/bg3.c charmap.txt | cpp -DREGION_EU -DNATIVE -nostdinc -Iinclude/ | gcc -c -x cpp-output -o build/native/data/rooms/crateria/bg3.o -std=gnu89 -
python3 tools/preproc.py src/data/rooms/crateria/crateria_0.c charmap.txt | cpp -DREGION_EU -DNATIVE -nostdinc -Iinclude/ | gcc -c -x cpp-output -o build/native/data/rooms/crateria/crateria_0.o -std=gnu89 -
python3 tools/preproc.py src/data/rooms/crateria/crateria_10.c charmap.txt | cpp -DREGION_EU -DNATIVE -nostdinc -Iinclude/ | gcc -c -x cpp-output -o build/native/data/rooms/crateria/crateria_10.o -std=gnu89 -
python3 tools/preproc.py src/data/rooms/crateria/crateria_11.c charmap.txt | cpp -DREGION_EU -DNATIVE -nostdinc -Iinclude/ | gcc -c -x cpp-output -o build/native/data/rooms/crateria/crateria_11.o -std=gnu89 -
python3 tools/preproc.py src/data/rooms/crateria/crateria_12.c charmap.txt | cpp -DREGION_EU -DNATIVE -nostdinc -Iinclude/ | gcc -c -x cpp-output -o build/native/data/rooms/crateria/crateria_12.o -std=gnu89 -
python3 tools/preproc.py src/data/rooms/crateria/crateria_13.c charmap.txt | cpp -DREGION_EU -DNATIVE -nostdinc -Iinclude/ | gcc -c -x cpp-output -o build/native/data/rooms/crateria/crateria_13.o -std=gnu89 -
python3 tools/preproc.py src/data/rooms/crateria/crateria_14.c charmap.txt | cpp -DREGION_EU -DNATIVE -nostdinc -Iinclude/ | gcc -c -x cpp-output -o build/native/data/rooms/crateria/crateria_14.o -std=gnu89 -
python3 tools/preproc.py src/data/rooms/crateria/crateria_15.c charmap.txt | cpp -DREGION_EU -DNATIVE -nostdinc -Iinclude/ | gcc -c -x cpp-output -o build/native/data/rooms/crateria/crateria_15.o -std=gnu89 -
python3 tools/preproc.py src/data/rooms/crateria/crateria_16.c charmap.txt | cpp -DREGION_EU -DNATIVE -nostdinc -Iinclude/ | gcc -c -x cpp-output -o build/native/data/rooms/crateria/crateria_16.o -std=gnu89 -
python3 tools/preproc.py src/data/rooms/crateria/crateria_17.c charmap.txt | cpp -DREGION_EU -DNATIVE -nostdinc -Iinclude/ | gcc -c -x cpp-output -o build/native/data/rooms/crateria/crateria_17.o -std=gnu89 -
python3 tools/preproc.py src/data/rooms/crateria/crateria_18.c charmap.txt | cpp -DREGION_EU -DNATIVE -nostdinc -Iinclude/ | gcc -c -x cpp-output -o build/native/data/rooms/crateria/crateria_18.o -std=gnu89 -
python3 tools/preproc.py src/data/rooms/crateria/crateria_19.c charmap.txt | cpp -DREGION_EU -DNATIVE -nostdinc -Iinclude/ | gcc -c -x cpp-output -o build/native/data/rooms/crateria/crateria_19.o -std=gnu89 -
python3 tools/preproc.py src/data/rooms/crateria/crateria_1.c charmap.txt | cpp -DREGION_EU -DNATIVE -nostdinc -Iinclude/ | gcc -c -x cpp-output -o build/native/data/rooms/crateria/crateria_1.o -std=gnu89 -
python3 tools/preproc.py src/data/rooms/crateria/crateria_20.c charmap.txt | cpp -DREGION_EU -DNATIVE -nostdinc -Iinclude/ | gcc -c -x cpp-output -o build/native/data/rooms/crateria/crateria_20.o -std=gnu89 -
python3 tools/preproc.py src/data/rooms/crateria/crateria_21.c charmap.txt | cpp -DREGION_EU -DNATIVE -nostdinc -Iinclude/ | gcc -c -x cpp-output -o build/native/data/rooms/crateria/crateria_21.o -std=gnu89 -
python3 tools/preproc.py src/data/rooms/crateria/crateria_3.c charmap.txt | cpp -DREGION_EU -DNATIVE -nostdinc -Iinclude/ | gcc -c -x cpp-output -o build/native/data/rooms/crateria/crateria_3.o -std=gnu89 -
python3 tools/preproc.py src/data/rooms/crateria/crateria_2.c charmap.txt | cpp -DREGION_EU -DNATIVE -nostdinc -Iinclude/ | gcc -c -x cpp-output -o build/native/data/rooms/crateria/crateria_2.o -std=gnu89 -
python3 tools/preproc.py src/data/rooms/crateria/crateria_4.c charmap.txt | cpp -DREGION_EU -DNATIVE -nostdinc -Iinclude/ | gcc -c -x cpp-output -o build/native/data/rooms/crateria/crateria_4.o -std=gnu89 -
python3 tools/preproc.py src/data/rooms/crateria/crateria_5.c charmap.txt | cpp -DREGION_EU -DNATIVE -nostdinc -Iinclude/ | gcc -c -x cpp-output -o build/native/data/rooms/crateria/crateria_5.o -std=gnu89 -
python3 tools/preproc.py src/data/rooms/crateria/crateria_6.c charmap.txt | cpp -DREGION_EU -DNATIVE -nostdinc -Iinclude/ | gcc -c -x cpp-output -o build/native/data/rooms/crateria/crateria_6.o -std=gnu89 -
python3 tools/preproc.py src/data/rooms/crateria/crateria_7.c charmap.txt | cpp -DREGION_EU -DNATIVE -nostdinc -Iinclude/ | gcc -c -x cpp-output -o build/native/data/rooms/crateria/crateria_7.o -std=gnu89 -
python3 tools/preproc.py src/data/rooms/crateria/crateria_8.c charmap.txt | cpp -DREGION_EU -DNATIVE -nostdinc -Iinclude/ | gcc -c -x cpp-output -o build/native/data/rooms/crateria/crateria_8.o -std=gnu89 -
python3 tools/preproc.py src/data/rooms/crateria/crateria_9.c charmap.txt | cpp -DREGION_EU -DNATIVE -nostdinc -Iinclude/ | gcc -c -x cpp-output -o build/native/data/rooms/crateria/crateria_9.o -std=gnu89 -
python3 tools/preproc.py src/data/rooms_data.c charmap.txt | cpp -DREGION_EU -DNATIVE -nostdinc -Iinclude/ | gcc -c -x cpp-output -o build/native/data/rooms_data.o -std=gnu89 -
python3 tools/preproc.py src/data/rooms/kraid/bg3.c charmap.txt | cpp -DREGION_EU -DNATIVE -nostdinc -Iinclude/ | gcc -c -x cpp-output -o build/native/data/rooms/kraid/bg3.o -std=gnu89 -
python3 tools/preproc.py src/data/rooms/kraid/kraid_0.c charmap.txt | cpp -DREGION_EU -DNATIVE -nostdinc -Iinclude/ | gcc -c -x cpp-output -o build/native/data/rooms/kraid/kraid_0.o -std=gnu89 -
python3 tools/preproc.py src/data/rooms/kraid/kraid_10.c charmap.txt | cpp -DREGION_EU -DNATIVE -nostdinc -Iinclude/ | gcc -c -x cpp-output -o build/native/data/rooms/kraid/kraid_10.o -std=gnu89 -
python3 tools/preproc.py src/data/rooms/kraid/kraid_12.c charmap.txt | cpp -DREGION_EU -DNATIVE -nostdinc -Iinclude/ | gcc -c -x cpp-output -o build/native/data/rooms/kraid/kraid_12.o -std=gnu89 -
python3 tools/preproc.py src/data/rooms/kraid/kraid_11.c charmap.txt | cpp -DREGION_EU -DNATIVE -nostdinc -Iinclude/ | gcc -c -x cpp-output -o build/native/data/rooms/kraid/kraid_11.o -std=gnu89 -
python3 tools/preproc.py src/data/rooms/kraid/kraid_13.c charmap.txt | cpp -DREGION_EU -DNATIVE -nostdinc -Iinclude/ | gcc -c -x cpp-output -o build/native/data/rooms/kraid/kraid_13.o -std=gnu89 -
python3 tools/preproc.py src/data/rooms/kraid/kraid_14.c charmap.txt | cpp -DREGION_EU -DNATIVE -nostdinc -Iinclude/ | gcc -c -x cpp-output -o build/native/data/rooms/kraid/kraid_14.o -std=gnu89 -
python3 tools/preproc.py src/data/rooms/kraid/kraid_16.c charmap.txt | cpp -DREGION_EU -DNATIVE -nostdinc -Iinclude/ | gcc -c -x cpp-output -o build/native/data/rooms/kraid/kraid_16.o -std=gnu89 -
python3 tools/preproc.py src/data/rooms/kraid/kraid_15.c charmap.txt | cpp -DREGION_EU -DNATIVE -nostdinc -Iinclude/ | gcc -c -x cpp-output -o build/native/data/rooms/kraid/kraid_15.o -std=gnu89 -
python3 tools/preproc.py src/data/rooms/kraid/kraid_17.c charmap.txt | cpp -DREGION_EU -DNATIVE -nostdinc -Iinclude/ | gcc -c -x cpp-output -o build/native/data/rooms/kraid/kraid_17.o -std=gnu89 -
python3 tools/preproc.py src/data/rooms/kraid/kraid_18.c charmap.txt | cpp -DREGION_EU -DNATIVE -nostdinc -Iinclude/ | gcc -c -x cpp-output -o build/native/data/rooms/kraid/kraid_18.o -std=gnu89 -
python3 tools/preproc.py src/data/rooms/kraid/kraid_19.c charmap.txt | cpp -DREGION_EU -DNATIVE -nostdinc -Iinclude/ | gcc -c -x cpp-output -o build/native/data/rooms/kraid/kraid_19.o -std=gnu89 -
python3 tools/preproc.py src/data/rooms/kraid/kraid_1.c charmap.txt | cpp -DREGION_EU -DNATIVE -nostdinc -Iinclude/ | gcc -c -x cpp-output -o build/native/data/rooms/kraid/kraid_1.o -std=gnu89 -
python3 tools/preproc.py src/data/rooms/kraid/kraid_20.c charmap.txt | cpp -DREGION_EU -DNATIVE -nostdinc -Iinclude/ | gcc -c -x cpp-output -o build/native/data/rooms/kraid/kraid_20.o -std=gnu89 -
python3 tools/preproc.py src/data/rooms/kraid/kraid_21.c charmap.txt | cpp -DREGION_EU -DNATIVE -nostdinc -Iinclude/ | gcc -c -x cpp-output -o build/native/data/rooms/kraid/kraid_21.o -std=gnu89 -
python3 tools/preproc.py src/data/rooms/kraid/kraid_22.c charmap.txt | cpp -DREGION_EU -DNATIVE -nostdinc -Iinclude/ | gcc -c -x cpp-output -o build/native/data/rooms/kraid/kraid_22.o -std=gnu89 -
python3 tools/preproc.py src/data/rooms/kraid/kraid_23.c charmap.txt | cpp -DREGION_EU -DNATIVE -nostdinc -Iinclude/ | gcc -c -x cpp-output -o build/native/data/rooms/kraid/kraid_23.o -std=gnu89 -
python3 tools/preproc.py src/data/rooms/kraid/kraid_24.c charmap.txt | cpp -DREGION_EU -DNATIVE -nostdinc -Iinclude/ | gcc -c -x cpp-output -o build/native/data/rooms/kraid/kraid_24.o -std=gnu89 -
python3 tools/preproc.py src/data/rooms/kraid/kraid_26.c charmap.txt | cpp -DREGION_EU -DNATIVE -nostdinc -Iinclude/ | gcc -c -x cpp-output -o build/native/data/rooms/kraid/kraid_26.o -std=gnu89 -
python3 tools/preproc.py src/data/rooms/kraid/kraid_25.c charmap.txt | cpp -DREGION_EU -DNATIVE -nostdinc -Iinclude/ | gcc -c -x cpp-output -o build/native/data/rooms/kraid/kraid_25.o -std=gnu89 -
python3 tools/preproc.py src/data/rooms/kraid/kraid_28.c charmap.txt | cpp -DREGION_EU -DNATIVE -nostdinc -Iinclude/ | gcc -c -x cpp-output -o build/native/data/rooms/kraid/kraid_28.o -std=gnu89 -
python3 tools/preproc.py src/data/rooms/kraid/kraid_27.c charmap.txt | cpp -DREGION_EU -DNATIVE -nostdinc -Iinclude/ | gcc -c -x cpp-output -o build/native/data/rooms/kraid/kraid_27.o -std=gnu89 -
python3 tools/preproc.py src/data/rooms/kraid/kraid_29.c charmap.txt | cpp -DREGION_EU -DNATIVE -nostdinc -Iinclude/ | gcc -c -x cpp-output -o build/native/data/rooms/kraid/kraid_29.o -std=gnu89 -
python3 tools/preproc.py src/data/rooms/kraid/kraid_2.c charmap.txt | cpp -DREGION_EU -DNATIVE -nostdinc -Iinclude/ | gcc -c -x cpp-output -o build/native/data/rooms/kraid/kraid_2.o -std=gnu89 -
python3 tools/preproc.py src/data/rooms/kraid/kraid_30.c charmap.txt | cpp -DREGION_EU -DNATIVE -nostdinc -Iinclude/ | gcc -c -x cpp-output -o build/native/data/rooms/kraid/kraid_30.o -std=gnu89 -
python3 tools/preproc.py src/data/rooms/kraid/kraid_31.c charmap.txt | cpp -DREGION_EU -DNATIVE -nostdinc -Iinclude/ | gcc -c -x cpp-output -o build/native/data/rooms/kraid/kraid_31.o -std=gnu89 -
python3 tools/preproc.py src/data/rooms/kraid/kraid_32.c charmap.txt | cpp -DREGION_EU -DNATIVE -nostdinc -Iinclude/ | gcc -c -x cpp-output -o build/native/data/rooms/kraid/kraid_32.o -std=gnu89 -
python3 tools/preproc.py src/data/rooms/kraid/kraid_33.c charmap.txt | cpp -DREGION_EU -DNATIVE -nostdinc -Iinclude/ | gcc -c -x cpp-output -o build/native/data/rooms/kraid/kraid_33.o -std=gnu89 -
python3 tools/preproc.py src/data/rooms/kraid/kraid_34.c charmap.txt | cpp -DREGION_EU -DNATIVE -nostdinc -Iinclude/ | gcc -c -x cpp-output -o build/native/data/rooms/kraid/kraid_34.o -std=gnu89 -
python3 tools/preproc.py src/data/rooms/kraid/kraid_35.c charmap.txt | cpp -DREGION_EU -DNATIVE -nostdinc -Iinclude/ | gcc -c -x cpp-output -o build/native/data/rooms/kraid/kraid_35.o -std=gnu89 -
python3 tools/preproc.py src/data/rooms/kraid/kraid_36.c charmap.txt | cpp -DREGION_EU -DNATIVE -nostdinc -Iinclude/ | gcc -c -x cpp-output -o build/native/data/rooms/kraid/kraid_36.o -std=gnu89 -
python3 tools/preproc.py src/data/rooms/kraid/kraid_37.c charmap.txt | cpp -DREGION_EU -DNATIVE -nostdinc -Iinclude/ | gcc -c -x cpp-output -o build/native/data/rooms/kraid/kraid_37.o -std=gnu89 -
python3 tools/preproc.py src/data/rooms/kraid/kraid_38.c charmap.txt | cpp -DREGION_EU -DNATIVE -nostdinc -Iinclude/ | gcc -c -x cpp-output -o build/native/data/rooms/kraid/kraid_38.o -std=gnu89 -
python3 tools/preproc.py src/data/rooms/kraid/kraid_39.c charmap.txt | cpp -DREGION_EU -DNATIVE -nostdinc -Iinclude/ | gcc -c -x cpp-output -o build/native/data/rooms/kraid/kraid_39.o -std=gnu89 -
python3 tools/preproc.py src/data/rooms/kraid/kraid_3.c charmap.txt | cpp -DREGION_EU -DNATIVE -nostdinc -Iinclude/ | gcc -c -x cpp-output -o build/native/data/rooms/kraid/kraid_3.o -std=gnu89 -
python3 tools/preproc.py src/data/rooms/kraid/kraid_40.c charmap.txt | cpp -DREGION_EU -DNATIVE -nostdinc -Iinclude/ | gcc -c -x cpp-output -o build/native/data/rooms/kraid/kraid_40.o -std=gnu89 -
python3 tools/preproc.py src/data/rooms/kraid/kraid_41.c charmap.txt | cpp -DREGION_EU -DNATIVE -nostdinc -Iinclude/ | gcc -c -x cpp-output -o build/native/data/rooms/kraid/kraid_41.o -std=gnu89 -
python3 tools/preproc.py src/data/rooms/kraid/kraid_4.c charmap.txt | cpp -DREGION_EU -DNATIVE -nostdinc -Iinclude/ | gcc -c -x cpp-output -o build/native/data/rooms/kraid/kraid_4.o -std=gnu89 -
python3 tools/preproc.py src/data/rooms/kraid/kraid_5.c charmap.txt | cpp -DREGION_EU -DNATIVE -nostdinc -Iinclude/ | gcc -c -x cpp-output -o build/native/data/rooms/kraid/kraid_5.o -std=gnu89 -
python3 tools/preproc.py src/data/rooms/kraid/kraid_6.c charmap.txt | cpp -DREGION_EU -DNATIVE -nostdinc -Iinclude/ | gcc -c -x cpp-output -o build/native/data/rooms/kraid/kraid_6.o -std=gnu89 -
python3 tools/preproc.py src/data/rooms/kraid/kraid_7.c charmap.txt | cpp -DREGION_EU -DNATIVE -nostdinc -Iinclude/ | gcc -c -x cpp-output -o build/native/data/rooms/kraid/kraid_7.o -std=gnu89 -
python3 tools/preproc.py src/data/rooms/kraid/kraid_8.c charmap.txt | cpp -DREGION_EU -DNATIVE -nostdinc -Iinclude/ | gcc -c -x cpp-output -o build/native/data/rooms/kraid/kraid_8.o -std=gnu89 -
python3 tools/preproc.py src/data/rooms/kraid/kraid_9.c charmap.txt | cpp -DREGION_EU -DNATIVE -nostdinc -Iinclude/ | gcc -c -x cpp-output -o build/native/data/rooms/kraid/kraid_9.o -std=gnu89 -
python3 tools/preproc.py src/data/rooms/norfair/bg3.c charmap.txt | cpp -DREGION_EU -DNATIVE -nostdinc -Iinclude/ | gcc -c -x cpp-output -o build/native/data/rooms/norfair/bg3.o -std=gnu89 -
python3 tools/preproc.py src/data/rooms/norfair/norfair_0.c charmap.txt | cpp -DREGION_EU -DNATIVE -nostdinc -Iinclude/ | gcc -c -x cpp-output -o build/native/data/rooms/norfair/norfair_0.o -std=gnu89 -
python3 tools/preproc.py src/data/rooms/norfair/norfair_10.c charmap.txt | cpp -DREGION_EU -DNATIVE -nostdinc -Iinclude/ | gcc -c -x cpp-output -o build/native/data/rooms/norfair/norfair_10.o -std=gnu89 -
python3 tools/preproc.py src/data/rooms/norfair/norfair_11.c charmap.txt | cpp -DREGION_EU -DNATIVE -nostdinc -Iinclude/ | gcc -c -x cpp-output -o build/native/data/rooms/norfair/norfair_11.o -std=gnu89 -
python3 tools/preproc.py src/data/rooms/norfair/norfair_12.c charmap.txt | cpp -DREGION_EU -DNATIVE -nostdinc -Iinclude/ | gcc -c -x cpp-output -o build/native/data/rooms/norfair/norfair_12.o -std=gnu89 -
python3 tools/preproc.py src/data/rooms/norfair/norfair_13.c charmap.txt | cpp -DREGION_EU -DNATIVE -nostdinc -Iinclude/ | gcc -c -x cpp-output -o build/native/data/rooms/norfair/norfair_13.o -std=gnu89 -
python3 tools/preproc.py src/data/rooms/norfair/norfair_14.c charmap.txt | cpp -DREGION_EU -DNATIVE -nostdinc -Iinclude/ | gcc -c -x cpp-output -o build/native/data/rooms/norfair/norfair_14.o -std=gnu89 -
python3 tools/preproc.py src/data/rooms/norfair/norfair_15.c charmap.txt | cpp -DREGION_EU -DNATIVE -nostdinc -Iinclude/ | gcc -c -x cpp-output -o build/native/data/rooms/norfair/norfair_15.o -std=gnu89 -
python3 tools/preproc.py src/data/rooms/norfair/norfair_16.c charmap.txt | cpp -DREGION_EU -DNATIVE -nostdinc -Iinclude/ | gcc -c -x cpp-output -o build/native/data/rooms/norfair/norfair_16.o -std=gnu89 -
python3 tools/preproc.py src/data/rooms/norfair/norfair_17.c charmap.txt | cpp -DREGION_EU -DNATIVE -nostdinc -Iinclude/ | gcc -c -x cpp-output -o build/native/data/rooms/norfair/norfair_17.o -std=gnu89 -
python3 tools/preproc.py src/data/rooms/norfair/norfair_18.c charmap.txt | cpp -DREGION_EU -DNATIVE -nostdinc -Iinclude/ | gcc -c -x cpp-output -o build/native/data/rooms/norfair/norfair_18.o -std=gnu89 -
python3 tools/preproc.py src/data/rooms/norfair/norfair_19.c charmap.txt | cpp -DREGION_EU -DNATIVE -nostdinc -Iinclude/ | gcc -c -x cpp-output -o build/native/data/rooms/norfair/norfair_19.o -std=gnu89 -
python3 tools/preproc.py src/data/rooms/norfair/norfair_1.c charmap.txt | cpp -DREGION_EU -DNATIVE -nostdinc -Iinclude/ | gcc -c -x cpp-output -o build/native/data/rooms/norfair/norfair_1.o -std=gnu89 -
python3 tools/preproc.py src/data/rooms/norfair/norfair_20.c charmap.txt | cpp -DREGION_EU -DNATIVE -nostdinc -Iinclude/ | gcc -c -x cpp-output -o build/native/data/rooms/norfair/norfair_20.o -std=gnu89 -
python3 tools/preproc.py src/data/rooms/norfair/norfair_21.c charmap.txt | cpp -DREGION_EU -DNATIVE -nostdinc -Iinclude/ | gcc -c -x cpp-output -o build/native/data/rooms/norfair/norfair_21.o -std=gnu89 -
python3 tools/preproc.py src/data/rooms/norfair/norfair_22.c charmap.txt | cpp -DREGION_EU -DNATIVE -nostdinc -Iinclude/ | gcc -c -x cpp-output -o build/native/data/rooms/norfair/norfair_22.o -std=gnu89 -
python3 tools/preproc.py src/data/rooms/norfair/norfair_23.c charmap.txt | cpp -DREGION_EU -DNATIVE -nostdinc -Iinclude/ | gcc -c -x cpp-output -o build/native/data/rooms/norfair/norfair_23.o -std=gnu89 -
python3 tools/preproc.py src/data/rooms/norfair/norfair_24.c charmap.txt | cpp -DREGION_EU -DNATIVE -nostdinc -Iinclude/ | gcc -c -x cpp-output -o build/native/data/rooms/norfair/norfair_24.o -std=gnu89 -
python3 tools/preproc.py src/data/rooms/norfair/norfair_25.c charmap.txt | cpp -DREGION_EU -DNATIVE -nostdinc -Iinclude/ | gcc -c -x cpp-output -o build/native/data/rooms/norfair/norfair_25.o -std=gnu89 -
python3 tools/preproc.py src/data/rooms/norfair/norfair_26.c charmap.txt | cpp -DREGION_EU -DNATIVE -nostdinc -Iinclude/ | gcc -c -x cpp-output -o build/native/data/rooms/norfair/norfair_26.o -std=gnu89 -
python3 tools/preproc.py src/data/rooms/norfair/norfair_27.c charmap.txt | cpp -DREGION_EU -DNATIVE -nostdinc -Iinclude/ | gcc -c -x cpp-output -o build/native/data/rooms/norfair/norfair_27.o -std=gnu89 -
python3 tools/preproc.py src/data/rooms/norfair/norfair_28.c charmap.txt | cpp -DREGION_EU -DNATIVE -nostdinc -Iinclude/ | gcc -c -x cpp-output -o build/native/data/rooms/norfair/norfair_28.o -std=gnu89 -
python3 tools/preproc.py src/data/rooms/norfair/norfair_29.c charmap.txt | cpp -DREGION_EU -DNATIVE -nostdinc -Iinclude/ | gcc -c -x cpp-output -o build/native/data/rooms/norfair/norfair_29.o -std=gnu89 -
python3 tools/preproc.py src/data/rooms/norfair/norfair_2.c charmap.txt | cpp -DREGION_EU -DNATIVE -nostdinc -Iinclude/ | gcc -c -x cpp-output -o build/native/data/rooms/norfair/norfair_2.o -std=gnu89 -
python3 tools/preproc.py src/data/rooms/norfair/norfair_30.c charmap.txt | cpp -DREGION_EU -DNATIVE -nostdinc -Iinclude/ | gcc -c -x cpp-output -o build/native/data/rooms/norfair/norfair_30.o -std=gnu89 -
python3 tools/preproc.py src/data/rooms/norfair/norfair_32.c charmap.txt | cpp -DREGION_EU -DNATIVE -nostdinc -Iinclude/ | gcc -c -x cpp-output -o build/native/data/rooms/norfair/norfair_32.o -std=gnu89 -
python3 tools/preproc.py src/data/rooms/norfair/norfair_31.c charmap.txt | cpp -DREGION_EU -DNATIVE -nostdinc -Iinclude/ | gcc -c -x cpp-output -o build/native/data/rooms/norfair/norfair_31.o -std=gnu89 -
python3 tools/preproc.py src/data/rooms/norfair/norfair_33.c charmap.txt | cpp -DREGION_EU -DNATIVE -nostdinc -Iinclude/ | gcc -c -x cpp-output -o build/native/data/rooms/norfair/norfair_33.o -std=gnu89 -
python3 tools/preproc.py src/data/rooms/norfair/norfair_34.c charmap.txt | cpp -DREGION_EU -DNATIVE -nostdinc -Iinclude/ | gcc -c -x cpp-output -o build/native/data/rooms/norfair/norfair_34.o -std=gnu89 -
python3 tools/preproc.py src/data/rooms/norfair/norfair_35.c charmap.txt | cpp -DREGION_EU -DNATIVE -nostdinc -Iinclude/ | gcc -c -x cpp-output -o build/native/data/rooms/norfair/norfair_35.o -std=gnu89 -
python3 tools/preproc.py src/data/rooms/norfair/norfair_36.c charmap.txt | cpp -DREGION_EU -DNATIVE -nostdinc -Iinclude/ | gcc -c -x cpp-output -o build/native/data/rooms/norfair/norfair_36.o -std=gnu89 -
python3 tools/preproc.py src/data/rooms/norfair/norfair_37.c charmap.txt | cpp -DREGION_EU -DNATIVE -nostdinc -Iinclude/ | gcc -c -x cpp-output -o build/native/data/rooms/norfair/norfair_37.o -std=gnu89 -
python3 tools/preproc.py src/data/rooms/norfair/norfair_38.c charmap.txt | cpp -DREGION_EU -DNATIVE -nostdinc -Iinclude/ | gcc -c -x cpp-output -o build/native/data/rooms/norfair/norfair_38.o -std=gnu89 -
python3 tools/preproc.py src/data/rooms/norfair/norfair_39.c charmap.txt | cpp -DREGION_EU -DNATIVE -nostdinc -Iinclude/ | gcc -c -x cpp-output -o build/native/data/rooms/norfair/norfair_39.o -std=gnu89 -
python3 tools/preproc.py src/data/rooms/norfair/norfair_3.c charmap.txt | cpp -DREGION_EU -DNATIVE -nostdinc -Iinclude/ | gcc -c -x cpp-output -o build/native/data/rooms/norfair/norfair_3.o -std=gnu89 -
python3 tools/preproc.py src/data/rooms/norfair/norfair_40.c charmap.txt | cpp -DREGION_EU -DNATIVE -nostdinc -Iinclude/ | gcc -c -x cpp-output -o build/native/data/rooms/norfair/norfair_40.o -std=gnu89 -
python3 tools/preproc.py src/data/rooms/norfair/norfair_41.c charmap.txt | cpp -DREGION_EU -DNATIVE -nostdinc -Iinclude/ | gcc -c -x cpp-output -o build/native/data/rooms/norfair/norfair_41.o -std=gnu89 -
python3 tools/preproc.py src/data/rooms/norfair/norfair_42.c charmap.txt | cpp -DREGION_EU -DNATIVE -nostdinc -Iinclude/ | gcc -c -x cpp-output -o build/native/data/rooms/norfair/norfair_42.o -std=gnu89 -
python3 tools/preproc.py src/data/rooms/norfair/norfair_43.c charmap.txt | cpp -DREGION_EU -DNATIVE -nostdinc -Iinclude/ | gcc -c -x cpp-output -o build/native/data/rooms/norfair/norfair_43.o -std=gnu89 -
python3 tools/preproc.py src/data/rooms/norfair/norfair_44.c charmap.txt | cpp -DREGION_EU -DNATIVE -nostdinc -Iinclude/ | gcc -c -x cpp-output -o build/native/data/rooms/norfair/norfair_44.o -std=gnu89 -
python3 tools/preproc.py src/data/rooms/norfair/norfair_45.c charmap.txt | cpp -DREGION_EU -DNATIVE -nostdinc -Iinclude/ | gcc -c -x cpp-output -o build/native/data/rooms/norfair/norfair_45.o -std=gnu89 -
python3 tools/preproc.py src/data/rooms/norfair/norfair_46.c charmap.txt | cpp -DREGION_EU -DNATIVE -nostdinc -Iinclude/ | gcc -c -x cpp-output -o build/native/data/rooms/norfair/norfair_46.o -std=gnu89 -
python3 tools/preproc.py src/data/rooms/norfair/norfair_47.c charmap.txt | cpp -DREGION_EU -DNATIVE -nostdinc -Iinclude/ | gcc -c -x cpp-output -o build/native/data/rooms/norfair/norfair_47.o -std=gnu89 -
python3 tools/preproc.py src/data/rooms/norfair/norfair_48.c charmap.txt | cpp -DREGION_EU -DNATIVE -nostdinc -Iinclude/ | gcc -c -x cpp-output -o build/native/data/rooms/norfair/norfair_48.o -std=gnu89 -
python3 tools/preproc.py src/data/rooms/norfair/norfair_49.c charmap.txt | cpp -DREGION_EU -DNATIVE -nostdinc -Iinclude/ | gcc -c -x cpp-output -o build/native/data/rooms/norfair/norfair_49.o -std=gnu89 -
python3 tools/preproc.py src/data/rooms/norfair/norfair_4.c charmap.txt | cpp -DREGION_EU -DNATIVE -nostdinc -Iinclude/ | gcc -c -x cpp-output -o build/native/data/rooms/norfair/norfair_4.o -std=gnu89 -
python3 tools/preproc.py src/data/rooms/norfair/norfair_50.c charmap.txt | cpp -DREGION_EU -DNATIVE -nostdinc -Iinclude/ | gcc -c -x cpp-output -o build/native/data/rooms/norfair/norfair_50.o -std=gnu89 -
python3 tools/preproc.py src/data/rooms/norfair/norfair_51.c charmap.txt | cpp -DREGION_EU -DNATIVE -nostdinc -Iinclude/ | gcc -c -x cpp-output -o build/native/data/rooms/norfair/norfair_51.o -std=gnu89 -
python3 tools/preproc.py src/data/rooms/norfair/norfair_52.c charmap.txt | cpp -DREGION_EU -DNATIVE -nostdinc -Iinclude/ | gcc -c -x cpp-output -o build/native/data/rooms/norfair/norfair_52.o -std=gnu89 -
python3 tools/preproc.py src/data/rooms/norfair/norfair_53.c charmap.txt | cpp -DREGION_EU -DNATIVE -nostdinc -Iinclude/ | gcc -c -x cpp-output -o build/native/data/rooms/norfair/norfair_53.o -std=gnu89 -
python3 tools/preproc.py src/data/rooms/norfair/norfair_54.c charmap.txt | cpp -DREGION_EU -DNATIVE -nostdinc -Iinclude/ | gcc -c -x cpp-output -o build/native/data/rooms/norfair/norfair_54.o -std=gnu89 -
python3 tools/preproc.py src/data/rooms/norfair/norfair_55.c charmap.txt | cpp -DREGION_EU -DNATIVE -nostdinc -Iinclude/ | gcc -c -x cpp-output -o build/native/data/rooms/norfair/norfair_55.o -std=gnu89 -
python3 tools/preproc.py src/data/rooms/norfair/norfair_56.c charmap.txt | cpp -DREGION_EU -DNATIVE -nostdinc -Iinclude/ | gcc -c -x cpp-output -o build/native/data/rooms/norfair/norfair_56.o -std=gnu89 -
python3 tools/preproc.py src/data/rooms/norfair/norfair_5.c charmap.txt | cpp -DREGION_EU -DNATIVE -nostdinc -Iinclude/ | gcc -c -x cpp-output -o build/native/data/rooms/norfair/norfair_5.o -std=gnu89 -
python3 tools/preproc.py src/data/rooms/norfair/norfair_6.c charmap.txt | cpp -DREGION_EU -DNATIVE -nostdinc -Iinclude/ | gcc -c -x cpp-output -o build/native/data/rooms/norfair/norfair_6.o -std=gnu89 -
python3 tools/preproc.py src/data/rooms/norfair/norfair_7.c charmap.txt | cpp -DREGION_EU -DNATIVE -nostdinc -Iinclude/ | gcc -c -x cpp-output -o build/native/data/rooms/norfair/norfair_7.o -std=gnu89 -
python3 tools/preproc.py src/data/rooms/norfair/norfair_8.c charmap.txt | cpp -DREGION_EU -DNATIVE -nostdinc -Iinclude/ | gcc -c -x cpp-output -o build/native/data/rooms/norfair/norfair_8.o -std=gnu89 -
python3 tools/preproc.py src/data/rooms/ridley/bg3.c charmap.txt | cpp -DREGION_EU -DNATIVE -nostdinc -Iinclude/ | gcc -c -x cpp-output -o build/native/data/rooms/ridley/bg3.o -std=gnu89 -
python3 tools/preproc.py src/data/rooms/norfair/norfair_9.c charmap.txt | cpp -DREGION_EU -DNATIVE -nostdinc -Iinclude/ | gcc -c -x cpp-output -o build/native/data/rooms/norfair/norfair_9.o -std=gnu89 -
python3 tools/preproc.py src/data/rooms/ridley/ridley_0.c charmap.txt | cpp -DREGION_EU -DNATIVE -nostdinc -Iinclude/ | gcc -c -x cpp-output -o build/native/data/rooms/ridley/ridley_0.o -std=gnu89 -
python3 tools/preproc.py src/data/rooms/ridley/ridley_10.c charmap.txt | cpp -DREGION_EU -DNATIVE -nostdinc -Iinclude/ | gcc -c -x cpp-output -o build/native/data/rooms/ridley/ridley_10.o -std=gnu89 -
python3 tools/preproc.py src/data/rooms/ridley/ridley_11.c charmap.txt | cpp -DREGION_EU -DNATIVE -nostdinc -Iinclude/ | gcc -c -x cpp-output -o build/native/data/rooms/ridley/ridley_11.o -std=gnu89 -
python3 tools/preproc.py src/data/rooms/ridley/ridley_12.c charmap.txt | cpp -DREGION_EU -DNATIVE -nostdinc -Iinclude/ | gcc -c -x cpp-output -o build/native/data/rooms/ridley/ridley_12.o -std=gnu89 -
python3 tools/preproc.py src/data/rooms/ridley/ridley_13.c charmap.txt | cpp -DREGION_EU -DNATIVE -nostdinc -Iinclude/ | gcc -c -x cpp-output -o build/native/data/rooms/ridley/ridley_13.o -std=gnu89 -
python3 tools/preproc.py src/data/rooms/ridley/ridley_14.c charmap.txt | cpp -DREGION_EU -DNATIVE -nostdinc -Iinclude/ | gcc -c -x cpp-output -o build/native/data/rooms/ridley/ridley_14.o -std=gnu89 -
python3 tools/preproc.py src/data/rooms/ridley/ridley_15.c charmap.txt | cpp -DREGION_EU -DNATIVE -nostdinc -Iinclude/ | gcc -c -x cpp-output -o build/native/data/rooms/ridley/ridley_15.o -std=gnu89 -
python3 tools/preproc.py src/data/rooms/ridley/ridley_16.c charmap.txt | cpp -DREGION_EU -DNATIVE -nostdinc -Iinclude/ | gcc -c -x cpp-output -o build/native/data/rooms/ridley/ridley_16.o -std=gnu89 -
python3 tools/preproc.py src/data/rooms/ridley/ridley_17.c charmap.txt | cpp -DREGION_EU -DNATIVE -nostdinc -Iinclude/ | gcc -c -x cpp-output -o build/native/data/rooms/ridley/ridley_17.o -std=gnu89 -
python3 tools/preproc.py src/data/rooms/ridley/ridley_18.c charmap.txt | cpp -DREGION_EU -DNATIVE -nostdinc -Iinclude/ | gcc -c -x cpp-output -o build/native/data/rooms/ridley/ridley_18.o -std=gnu89 -
python3 tools/preproc.py src/data/rooms/ridley/ridley_19.c charmap.txt | cpp -DREGION_EU -DNATIVE -nostdinc -Iinclude/ | gcc -c -x cpp-output -o build/native/data/rooms/ridley/ridley_19.o -std=gnu89 -
python3 tools/preproc.py src/data/rooms/ridley/ridley_1.c charmap.txt | cpp -DREGION_EU -DNATIVE -nostdinc -Iinclude/ | gcc -c -x cpp-output -o build/native/data/rooms/ridley/ridley_1.o -std=gnu89 -
python3 tools/preproc.py src/data/rooms/ridley/ridley_20.c charmap.txt | cpp -DREGION_EU -DNATIVE -nostdinc -Iinclude/ | gcc -c -x cpp-output -o build/native/data/rooms/ridley/ridley_20.o -std=gnu89 -
python3 tools/preproc.py src/data/rooms/ridley/ridley_21.c charmap.txt | cpp -DREGION_EU -DNATIVE -nostdinc -Iinclude/ | gcc -c -x cpp-output -o build/native/data/rooms/ridley/ridley_21.o -std=gnu89 -
python3 tools/preproc.py src/data/rooms/ridley/ridley_22.c charmap.txt | cpp -DREGION_EU -DNATIVE -nostdinc -Iinclude/ | gcc -c -x cpp-output -o build/native/data/rooms/ridley/ridley_22.o -std=gnu89 -
python3 tools/preproc.py src/data/rooms/ridley/ridley_23.c charmap.txt | cpp -DREGION_EU -DNATIVE -nostdinc -Iinclude/ | gcc -c -x cpp-output -o build/native/data/rooms/ridley/ridley_23.o -std=gnu89 -
python3 tools/preproc.py src/data/rooms/ridley/ridley_24.c charmap.txt | cpp -DREGION_EU -DNATIVE -nostdinc -Iinclude/ | gcc -c -x cpp-output -o build/native/data/rooms/ridley/ridley_24.o -std=gnu89 -
python3 tools/preproc.py src/data/rooms/ridley/ridley_25.c charmap.txt | cpp -DREGION_EU -DNATIVE -nostdinc -Iinclude/ | gcc -c -x cpp-output -o build/native/data/rooms/ridley/ridley_25.o -std=gnu89 -
python3 tools/preproc.py src/data/rooms/ridley/ridley_26.c charmap.txt | cpp -DREGION_EU -DNATIVE -nostdinc -Iinclude/ | gcc -c -x cpp-output -o build/native/data/rooms/ridley/ridley_26.o -std=gnu89 -
python3 tools/preproc.py src/data/rooms/ridley/ridley_27.c charmap.txt | cpp -DREGION_EU -DNATIVE -nostdinc -Iinclude/ | gcc -c -x cpp-output -o build/native/data/rooms/ridley/ridley_27.o -std=gnu89 -
python3 tools/preproc.py src/data/rooms/ridley/ridley_28.c charmap.txt | cpp -DREGION_EU -DNATIVE -nostdinc -Iinclude/ | gcc -c -x cpp-output -o build/native/data/rooms/ridley/ridley_28.o -std=gnu89 -
python3 tools/preproc.py src/data/rooms/ridley/ridley_29.c charmap.txt | cpp -DREGION_EU -DNATIVE -nostdinc -Iinclude/ | gcc -c -x cpp-output -o build/native/data/rooms/ridley/ridley_29.o -std=gnu89 -
python3 tools/preproc.py src/data/rooms/ridley/ridley_2.c charmap.txt | cpp -DREGION_EU -DNATIVE -nostdinc -Iinclude/ | gcc -c -x cpp-output -o build/native/data/rooms/ridley/ridley_2.o -std=gnu89 -
python3 tools/preproc.py src/data/rooms/ridley/ridley_30.c charmap.txt | cpp -DREGION_EU -DNATIVE -nostdinc -Iinclude/ | gcc -c -x cpp-output -o build/native/data/rooms/ridley/ridley_30.o -std=gnu89 -
python3 tools/preproc.py src/data/rooms/ridley/ridley_31.c charmap.txt | cpp -DREGION_EU -DNATIVE -nostdinc -Iinclude/ | gcc -c -x cpp-output -o build/native/data/rooms/ridley/ridley_31.o -std=gnu89 -
python3 tools/preproc.py src/data/rooms/ridley/ridley_32.c charmap.txt | cpp -DREGION_EU -DNATIVE -nostdinc -Iinclude/ | gcc -c -x cpp-output -o build/native/data/rooms/ridley/ridley_32.o -std=gnu89 -
python3 tools/preproc.py src/data/rooms/ridley/ridley_3.c charmap.txt | cpp -DREGION_EU -DNATIVE -nostdinc -Iinclude/ | gcc -c -x cpp-output -o build/native/data/rooms/ridley/ridley_3.o -std=gnu89 -
python3 tools/preproc.py src/data/rooms/ridley/ridley_4.c charmap.txt | cpp -DREGION_EU -DNATIVE -nostdinc -Iinclude/ | gcc -c -x cpp-output -o build/native/data/rooms/ridley/ridley_4.o -std=gnu89 -
python3 tools/preproc.py src/data/rooms/ridley/ridley_6.c charmap.txt | cpp -DREGION_EU -DNATIVE -nostdinc -Iinclude/ | gcc -c -x cpp-output -o build/native/data/rooms/ridley/ridley_6.o -std=gnu89 -
python3 tools/preproc.py src/data/rooms/ridley/ridley_5.c charmap.txt | cpp -DREGION_EU -DNATIVE -nostdinc -Iinclude/ | gcc -c -x cpp-output -o build/native/data/rooms/ridley/ridley_5.o -std=gnu89 -
python3 tools/preproc.py src/data/rooms/ridley/ridley_7.c charmap.txt | cpp -DREGION_EU -DNATIVE -nostdinc -Iinclude/ | gcc -c -x cpp-output -o build/native/data/rooms/ridley/ridley_7.o -std=gnu89 -
python3 tools/preproc.py src/data/rooms/ridley/ridley_9.c charmap.txt | cpp -DREGION_EU -DNATIVE -nostdinc -Iinclude/ | gcc -c -x cpp-output -o build/native/data/rooms/ridley/ridley_9.o -std=gnu89 -
python3 tools/preproc.py src/data/rooms/ridley/ridley_8.c charmap.txt | cpp -DREGION_EU -DNATIVE -nostdinc -Iinclude/ | gcc -c -x cpp-output -o build/native/data/rooms/ridley/ridley_8.o -std=gnu89 -
python3 tools/preproc.py src/data/rooms/test_rooms_data.c charmap.txt | cpp -DREGION_EU -DNATIVE -nostdinc -Iinclude/ | gcc -c -x cpp-output -o build/native/data/rooms/test_rooms_data.o -std=gnu89 -
python3 tools/preproc.py src/data/rooms/tourian/bg3.c charmap.txt | cpp -DREGION_EU -DNATIVE -nostdinc -Iinclude/ | gcc -c -x cpp-output -o build/native/data/rooms/tourian/bg3.o -std=gnu89 -
python3 tools/preproc.py src/data/rooms/tourian/tourian_0.c charmap.txt | cpp -DREGION_EU -DNATIVE -nostdinc -Iinclude/ | gcc -c -x cpp-output -o build/native/data/rooms/tourian/tourian_0.o -std=gnu89 -
python3 tools/preproc.py src/data/rooms/tourian/tourian_10.c charmap.txt | cpp -DREGION_EU -DNATIVE -nostdinc -Iinclude/ | gcc -c -x cpp-output -o build/native/data/rooms/tourian/tourian_10.o -std=gnu89 -
python3 tools/preproc.py src/data/rooms/tourian/tourian_11.c charmap.txt | cpp -DREGION_EU -DNATIVE -nostdinc -Iinclude/ | gcc -c -x cpp-output -o build/native/data/rooms/tourian/tourian_11.o -std=gnu89 -
python3 tools/preproc.py src/data/rooms/tourian/tourian_12.c charmap.txt | cpp -DREGION_EU -DNATIVE -nostdinc -Iinclude/ | gcc -c -x cpp-output -o build/native/data/rooms/tourian/tourian_12.o -std=gnu89 -
python3 tools/preproc.py src/data/rooms/tourian/tourian_13.c charmap.txt | cpp -DREGION_EU -DNATIVE -nostdinc -Iinclude/ | gcc -c -x cpp-output -o build/native/data/rooms/tourian/tourian_13.o -std=gnu89 -
python3 tools/preproc.py src/data/rooms/tourian/tourian_14.c charmap.txt | cpp -DREGION_EU -DNATIVE -nostdinc -Iinclude/ | gcc -c -x cpp-output -o build/native/data/rooms/tourian/tourian_14.o -std=gnu89 -
python3 tools/preproc.py src/data/rooms/tourian/tourian_15.c charmap.txt | cpp -DREGION_EU -DNATIVE -nostdinc -Iinclude/ | gcc -c -x cpp-output -o build/native/data/rooms/tourian/tourian_15.o -std=gnu89 -
python3 tools/preproc.py src/data/rooms/tourian/tourian_16.c charmap.txt | cpp -DREGION_EU -DNATIVE -nostdinc -Iinclude/ | gcc -c -x cpp-output -o build/native/data/rooms/tourian/tourian_16.o -std=gnu89 -
python3 tools/preproc.py src/data/rooms/tourian/tourian_17.c charmap.txt | cpp -DREGION_EU -DNATIVE -nostdinc -Iinclude/ | gcc -c -x cpp-output -o build/native/data/rooms/tourian/tourian_17.o -std=gnu89 -
python3 tools/preproc.py src/data/rooms/tourian/tourian_18.c charmap.txt | cpp -DREGION_EU -DNATIVE -nostdinc -Iinclude/ | gcc -c -x cpp-output -o build/native/data/rooms/tourian/tourian_18.o -std=gnu89 -
python3 tools/preproc.py src/data/rooms/tourian/tourian_19.c charmap.txt | cpp -DREGION_EU -DNATIVE -nostdinc -Iinclude/ | gcc -c -x cpp-output -o build/native/data/rooms/tourian/tourian_19.o -std=gnu89 -
python3 tools/preproc.py src/data/rooms/tourian/tourian_1.c charmap.txt | cpp -DREGION_EU -DNATIVE -nostdinc -Iinclude/ | gcc -c -x cpp-output -o build/native/data/rooms/tourian/tourian_1.o -std=gnu89 -
python3 tools/preproc.py src/data/rooms/tourian/tourian_2.c charmap.txt | cpp -DREGION_EU -DNATIVE -nostdinc -Iinclude/ | gcc -c -x cpp-output -o build/native/data/rooms/tourian/tourian_2.o -std=gnu89 -
python3 tools/preproc.py src/data/rooms/tourian/tourian_3.c charmap.txt | cpp -DREGION_EU -DNATIVE -nostdinc -Iinclude/ | gcc -c -x cpp-output -o build/native/data/rooms/tourian/tourian_3.o -std=gnu89 -
python3 tools/preproc.py src/data/rooms/tourian/tourian_4.c charmap.txt | cpp -DREGION_EU -DNATIVE -nostdinc -Iinclude/ | gcc -c -x cpp-output -o build/native/data/rooms/tourian/tourian_4.o -std=gnu89 -
python3 tools/preproc.py src/data/rooms/tourian/tourian_5.c charmap.txt | cpp -DREGION_EU -DNATIVE -nostdinc -Iinclude/ | gcc -c -x cpp-output -o build/native/data/rooms/tourian/tourian_5.o -std=gnu89 -
python3 tools/preproc.py src/data/rooms/tourian/tourian_6.c charmap.txt | cpp -DREGION_EU -DNATIVE -nostdinc -Iinclude/ | gcc -c -x cpp-output -o build/native/data/rooms/tourian/tourian_6.o -std=gnu89 -
python3 tools/preproc.py src/data/rooms/tourian/tourian_8.c charmap.txt | cpp -DREGION_EU -DNATIVE -nostdinc -Iinclude/ | gcc -c -x cpp-output -o build/native/data/rooms/tourian/tourian_8.o -std=gnu89 -
python3 tools/preproc.py src/data/rooms/tourian/tourian_9.c charmap.txt | cpp -DREGION_EU -DNATIVE -nostdinc -Iinclude/ | gcc -c -x cpp-output -o build/native/data/rooms/tourian/tourian_9.o -std=gnu89 -
python3 tools/preproc.py src/data/rooms/tourian/tourian_7.c charmap.txt | cpp -DREGION_EU -DNATIVE -nostdinc -Iinclude/ | gcc -c -x cpp-output -o build/native/data/rooms/tourian/tourian_7.o -std=gnu89 -
python3 tools/preproc.py src/data/samus/arm_cannon_data.c charmap.txt | cpp -DREGION_EU -DNATIVE -nostdinc -Iinclude/ | gcc -c -x cpp-output -o build/native/data/samus/arm_cannon_data.o -std=gnu89 -
python3 tools/preproc.py src/data/samus_close_up_data.c charmap.txt | cpp -DREGION_EU -DNATIVE -nostdinc -Iinclude/ | gcc -c -x cpp-output -o build/native/data/samus_close_up_data.o -std=gnu89 -
python3 tools/preproc.py src/data/samus/samus_animation_pointers.c charmap.txt | cpp -DREGION_EU -DNATIVE -nostdinc -Iinclude/ | gcc -c -x cpp-output -o build/native/data/samus/samus_animation_pointers.o -std=gnu89 -
python3 tools/preproc.py src/data/samus/samus_empty_data.c charmap.txt | cpp -DREGION_EU -DNATIVE -nostdinc -Iinclude/ | gcc -c -x cpp-output -o build/native/data/samus/samus_empty_data.o -std=gnu89 -
python3 tools/preproc.py src/data/samus/samus_graphics.c charmap.txt | cpp -DREGION_EU -DNATIVE -nostdinc -Iinclude/ | gcc -c -x cpp-output -o build/native/data/samus/samus_graphics.o -std=gnu89 -
python3 tools/preproc.py src/data/samus/samus_palette_data.c charmap.txt | cpp -DREGION_EU -DNATIVE -nostdinc -Iinclude/ | gcc -c -x cpp-output -o build/native/data/samus/samus_palette_data.o -std=gnu89 -
python3 tools/preproc.py src/data/save_file_data.c charmap.txt | cpp -DREGION_EU -DNATIVE -nostdinc -Iinclude/ | gcc -c -x cpp-output -o build/native/data/save_file_data.o -std=gnu89 -
python3 tools/preproc.py src/data/shortcut_pointers.c charmap.txt | cpp -DREGION_EU -DNATIVE -nostdinc -Iinclude/ | gcc -c -x cpp-output -o build/native/data/shortcut_pointers.o -std=gnu89 -
python3 tools/preproc.py src/data/sprite_data.c charmap.txt | cpp -DREGION_EU -DNATIVE -nostdinc -Iinclude/ | gcc -c -x cpp-output -o build/native/data/sprite_data.o -std=gnu89 -
python3 tools/preproc.py src/data/sprites/acid_worm.c charmap.txt | cpp -DREGION_EU -DNATIVE -nostdinc -Iinclude/ | gcc -c -x cpp-output -o build/native/data/sprites/acid_worm.o -std=gnu89 -
python3 tools/preproc.py src/data/sprites/area_banner.c charmap.txt | cpp -DREGION_EU -DNATIVE -nostdinc -Iinclude/ | gcc -c -x cpp-output -o build/native/data/sprites/area_banner.o -std=gnu89 -
python3 tools/preproc.py src/data/sprites/atomic.c charmap.txt | cpp -DREGION_EU -DNATIVE -nostdinc -Iinclude/ | gcc -c -x cpp-output -o build/native/data/sprites/atomic.o -std=gnu89 -
python3 tools/preproc.py src/data/sprites/baristute.c charmap.txt | cpp -DREGION_EU -DNATIVE -nostdinc -Iinclude/ | gcc -c -x cpp-output -o build/native/data/sprites/baristute.o -std=gnu89 -
python3 tools/preproc.py src/data/sprites/boss_statues.c charmap.txt | cpp -DREGION_EU -DNATIVE -nostdinc -Iinclude/ | gcc -c -x cpp-output -o build/native/data/sprites/boss_statues.o -std=gnu89 -
python3 tools/preproc.py src/data/sprites/charge_beam.c charmap.txt | cpp -DREGION_EU -DNATIVE -nostdinc -Iinclude/ | gcc -c -x cpp-output -o build/native/data/sprites/charge_beam.o -std=gnu89 -
python3 tools/preproc.py src/data/sprites/chozo_statue.c charmap.txt | cpp -DREGION_EU -DNATIVE -nostdinc -Iinclude/ | gcc -c -x cpp-output -o build/native/data/sprites/chozo_statue.o -std=gnu89 -
/tmp/ccWZMAUc.s: Messages de l'assembleur:
/tmp/ccWZMAUc.s:4: Avertissement: initialisation incorrecte des attributs de section de .rodata
python3 tools/preproc.py src/data/sprites/crocomire.c charmap.txt | cpp -DREGION_EU -DNATIVE -nostdinc -Iinclude/ | gcc -c -x cpp-output -o build/native/data/sprites/crocomire.o -std=gnu89 -
python3 tools/preproc.py src/data/sprites/deorem.c charmap.txt | cpp -DREGION_EU -DNATIVE -nostdinc -Iinclude/ | gcc -c -x cpp-output -o build/native/data/sprites/deorem.o -std=gnu89 -
python3 tools/preproc.py src/data/sprites/dessgeega.c charmap.txt | cpp -DREGION_EU -DNATIVE -nostdinc -Iinclude/ | gcc -c -x cpp-output -o build/native/data/sprites/dessgeega.o -std=gnu89 -
python3 tools/preproc.py src/data/sprites/dragon.c charmap.txt | cpp -DREGION_EU -DNATIVE -nostdinc -Iinclude/ | gcc -c -x cpp-output -o build/native/data/sprites/dragon.o -std=gnu89 -
python3 tools/preproc.py src/data/sprites/elevator_pad.c charmap.txt | cpp -DREGION_EU -DNATIVE -nostdinc -Iinclude/ | gcc -c -x cpp-output -o build/native/data/sprites/elevator_pad.o -std=gnu89 -
python3 tools/preproc.py src/data/sprites/elevator_statue.c charmap.txt | cpp -DREGION_EU -DNATIVE -nostdinc -Iinclude/ | gcc -c -x cpp-output -o build/native/data/sprites/elevator_statue.o -std=gnu89 -
python3 tools/preproc.py src/data/sprites/enemy_drop.c charmap.txt | cpp -DREGION_EU -DNATIVE -nostdinc -Iinclude/ | gcc -c -x cpp-output -o build/native/data/sprites/enemy_drop.o -std=gnu89 -
python3 tools/preproc.py src/data/sprites/escape_gate.c charmap.txt | cpp -DREGION_EU -DNATIVE -nostdinc -Iinclude/ | gcc -c -x cpp-output -o build/native/data/sprites/escape_gate.o -std=gnu89 -
python3 tools/preproc.py src/data/sprites/escape_ship.c charmap.txt | cpp -DREGION_EU -DNATIVE -nostdinc -Iinclude/ | gcc -c -x cpp-output -o build/native/data/sprites/escape_ship.o -std=gnu89 -
python3 tools/preproc.py src/data/spriteset.c charmap.txt | cpp -DREGION_EU -DNATIVE -nostdinc -Iinclude/ | gcc -c -x cpp-output -o build/native/data/spriteset.o -std=gnu89 -
python3 tools/preproc.py src/data/sprites/falling_chozo_pillar.c charmap.txt | cpp -DREGION_EU -DNATIVE -nostdinc -Iinclude/ | gcc -c -x cpp-output -o build/native/data/sprites/falling_chozo_pillar.o -std=gnu89 -
python3 tools/preproc.py src/data/sprites/gadora.c charmap.txt | cpp -DREGION_EU -DNATIVE -nostdinc -Iinclude/ | gcc -c -x cpp-output -o build/native/data/sprites/gadora.o -std=gnu89 -
python3 tools/preproc.py src/data/sprites/geega.c charmap.txt | cpp -DREGION_EU -DNATIVE -nostdinc -Iinclude/ | gcc -c -x cpp-output -o build/native/data/sprites/geega.o -std=gnu89 -
python3 tools/preproc.py src/data/sprites/gamet.c charmap.txt | cpp -DREGION_EU -DNATIVE -nostdinc -Iinclude/ | gcc -c -x cpp-output -o build/native/data/sprites/gamet.o -std=gnu89 -
python3 tools/preproc.py src/data/sprites/gekitai_machine.c charmap.txt | cpp -DREGION_EU -DNATIVE -nostdinc -Iinclude/ | gcc -c -x cpp-output -o build/native/data/sprites/gekitai_machine.o -std=gnu89 -
python3 tools/preproc.py src/data/sprites/geron.c charmap.txt | cpp -DREGION_EU -DNATIVE -nostdinc -Iinclude/ | gcc -c -x cpp-output -o build/native/data/sprites/geron.o -std=gnu89 -
python3 tools/preproc.py src/data/sprites/geron_norfair.c charmap.txt | cpp -DREGION_EU -DNATIVE -nostdinc -Iinclude/ | gcc -c -x cpp-output -o build/native/data/sprites/geron_norfair.o -std=gnu89 -
python3 tools/preproc.py src/data/sprites/geruta.c charmap.txt | cpp -DREGION_EU -DNATIVE -nostdinc -Iinclude/ | gcc -c -x cpp-output -o build/native/data/sprites/geruta.o -std=gnu89 -
python3 tools/preproc.py src/data/sprites/glass_tube.c charmap.txt | cpp -DREGION_EU -DNATIVE -nostdinc -Iinclude/ | gcc -c -x cpp-output -o build/native/data/sprites/glass_tube.o -std=gnu89 -
python3 tools/preproc.py src/data/sprites/hive.c charmap.txt | cpp -DREGION_EU -DNATIVE -nostdinc -Iinclude/ | gcc -c -x cpp-output -o build/native/data/sprites/hive.o -std=gnu89 -
python3 tools/preproc.py src/data/sprites/gunship.c charmap.txt | cpp -DREGION_EU -DNATIVE -nostdinc -Iinclude/ | gcc -c -x cpp-output -o build/native/data/sprites/gunship.o -std=gnu89 -
python3 tools/preproc.py src/data/sprites/holtz.c charmap.txt | cpp -DREGION_EU -DNATIVE -nostdinc -Iinclude/ | gcc -c -x cpp-output -o build/native/data/sprites/holtz.o -std=gnu89 -
python3 tools/preproc.py src/data/sprites/imago.c charmap.txt | cpp -DREGION_EU -DNATIVE -nostdinc -Iinclude/ | gcc -c -x cpp-output -o build/native/data/sprites/imago.o -std=gnu89 -
python3 tools/preproc.py src/data/sprites/imago_cocoon.c charmap.txt | cpp -DREGION_EU -DNATIVE -nostdinc -Iinclude/ | gcc -c -x cpp-output -o build/native/data/sprites/imago_cocoon.o -std=gnu89 -
python3 tools/preproc.py src/data/sprites/imago_larva.c charmap.txt | cpp -DREGION_EU -DNATIVE -nostdinc -Iinclude/ | gcc -c -x cpp-output -o build/native/data/sprites/imago_larva.o -std=gnu89 -
python3 tools/preproc.py src/data/sprites/imago_larva_right_side.c charmap.txt | cpp -DREGION_EU -DNATIVE -nostdinc -Iinclude/ | gcc -c -x cpp-output -o build/native/data/sprites/imago_larva_right_side.o -std=gnu89 -
python3 tools/preproc.py src/data/sprites/kraid.c charmap.txt | cpp -DREGION_EU -DNATIVE -nostdinc -Iinclude/ | gcc -c -x cpp-output -o build/native/data/sprites/kraid.o -std=gnu89 -
python3 tools/preproc.py src/data/sprites/map_station.c charmap.txt | cpp -DREGION_EU -DNATIVE -nostdinc -Iinclude/ | gcc -c -x cpp-output -o build/native/data/sprites/map_station.o -std=gnu89 -
python3 tools/preproc.py src/data/sprites/mecha_ridley.c charmap.txt | cpp -DREGION_EU -DNATIVE -nostdinc -Iinclude/ | gcc -c -x cpp-output -o build/native/data/sprites/mecha_ridley.o -std=gnu89 -
python3 tools/preproc.py src/data/sprites/mella.c charmap.txt | cpp -DREGION_EU -DNATIVE -nostdinc -Iinclude/ | gcc -c -x cpp-output -o build/native/data/sprites/mella.o -std=gnu89 -
python3 tools/preproc.py src/data/sprites/message_banner.c charmap.txt | cpp -DREGION_EU -DNATIVE -nostdinc -Iinclude/ | gcc -c -x cpp-output -o build/native/data/sprites/message_banner.o -std=gnu89 -
python3 tools/preproc.py src/data/sprites/metroid.c charmap.txt | cpp -DREGION_EU -DNATIVE -nostdinc -Iinclude/ | gcc -c -x cpp-output -o build/native/data/sprites/metroid.o -std=gnu89 -
python3 tools/preproc.py src/data/sprites/morph_ball.c charmap.txt | cpp -DREGION_EU -DNATIVE -nostdinc -Iinclude/ | gcc -c -x cpp-output -o build/native/data/sprites/morph_ball.o -std=gnu89 -
python3 tools/preproc.py src/data/sprites/morph_ball_launcher.c charmap.txt | cpp -DREGION_EU -DNATIVE -nostdinc -Iinclude/ | gcc -c -x cpp-output -o build/native/data/sprites/morph_ball_launcher.o -std=gnu89 -
python3 tools/preproc.py src/data/sprites/mother_brain.c charmap.txt | cpp -DREGION_EU -DNATIVE -nostdinc -Iinclude/ | gcc -c -x cpp-output -o build/native/data/sprites/mother_brain.o -std=gnu89 -
python3 tools/preproc.py src/data/sprites/multiviola.c charmap.txt | cpp -DREGION_EU -DNATIVE -nostdinc -Iinclude/ | gcc -c -x cpp-output -o build/native/data/sprites/multiviola.o -std=gnu89 -
python3 tools/preproc.py src/data/sprites/parasite.c charmap.txt | cpp -DREGION_EU -DNATIVE -nostdinc -Iinclude/ | gcc -c -x cpp-output -o build/native/data/sprites/parasite.o -std=gnu89 -
python3 tools/preproc.py src/data/sprites/piston.c charmap.txt | cpp -DREGION_EU -DNATIVE -nostdinc -Iinclude/ | gcc -c -x cpp-output -o build/native/data/sprites/piston.o -std=gnu89 -
python3 tools/preproc.py src/data/sprites/polyp.c charmap.txt | cpp -DREGION_EU -DNATIVE -nostdinc -Iinclude/ | gcc -c -x cpp-output -o build/native/data/sprites/polyp.o -std=gnu89 -
python3 tools/preproc.py src/data/sprites/power_grip.c charmap.txt | cpp -DREGION_EU -DNATIVE -nostdinc -Iinclude/ | gcc -c -x cpp-output -o build/native/data/sprites/power_grip.o -std=gnu89 -
python3 tools/preproc.py src/data/sprites/reo.c charmap.txt | cpp -DREGION_EU -DNATIVE -nostdinc -Iinclude/ | gcc -c -x cpp-output -o build/native/data/sprites/reo.o -std=gnu89 -
python3 tools/preproc.py src/data/sprites/rinka.c charmap.txt | cpp -DREGION_EU -DNATIVE -nostdinc -Iinclude/ | gcc -c -x cpp-output -o build/native/data/sprites/rinka.o -std=gnu89 -
python3 tools/preproc.py src/data/sprites/ridley.c charmap.txt | cpp -DREGION_EU -DNATIVE -nostdinc -Iinclude/ | gcc -c -x cpp-output -o build/native/data/sprites/ridley.o -std=gnu89 -
python3 tools/preproc.py src/data/sprites/ripper.c charmap.txt | cpp -DREGION_EU -DNATIVE -nostdinc -Iinclude/ | gcc -c -x cpp-output -o build/native/data/sprites/ripper.o -std=gnu89 -
python3 tools/preproc.py src/data/sprites/ripper2.c charmap.txt | cpp -DREGION_EU -DNATIVE -nostdinc -Iinclude/ | gcc -c -x cpp-output -o build/native/data/sprites/ripper2.o -std=gnu89 -
python3 tools/preproc.py src/data/sprites/rising_chozo_pillar.c charmap.txt | cpp -DREGION_EU -DNATIVE -nostdinc -Iinclude/ | gcc -c -x cpp-output -o build/native/data/sprites/rising_chozo_pillar.o -std=gnu89 -
python3 tools/preproc.py src/data/sprites/ruins_test.c charmap.txt | cpp -DREGION_EU -DNATIVE -nostdinc -Iinclude/ | gcc -c -x cpp-output -o build/native/data/sprites/ruins_test.o -std=gnu89 -
python3 tools/preproc.py src/data/sprites/save_platform.c charmap.txt | cpp -DREGION_EU -DNATIVE -nostdinc -Iinclude/ | gcc -c -x cpp-output -o build/native/data/sprites/save_platform.o -std=gnu89 -
python3 tools/preproc.py src/data/sprites/save_platform_chozodia.c charmap.txt | cpp -DREGION_EU -DNATIVE -nostdinc -Iinclude/ | gcc -c -x cpp-output -o build/native/data/sprites/save_platform_chozodia.o -std=gnu89 -
python3 tools/preproc.py src/data/sprites/searchlight.c charmap.txt | cpp -DREGION_EU -DNATIVE -nostdinc -Iinclude/ | gcc -c -x cpp-output -o build/native/data/sprites/searchlight.o -std=gnu89 -
python3 tools/preproc.py src/data/sprites/searchlight_eye.c charmap.txt | cpp -DREGION_EU -DNATIVE -nostdinc -Iinclude/ | gcc -c -x cpp-output -o build/native/data/sprites/searchlight_eye.o -std=gnu89 -
python3 tools/preproc.py src/data/sprites/security_gate.c charmap.txt | cpp -DREGION_EU -DNATIVE -nostdinc -Iinclude/ | gcc -c -x cpp-output -o build/native/data/sprites/security_gate.o -std=gnu89 -
python3 tools/preproc.py src/data/sprites/security_laser.c charmap.txt | cpp -DREGION_EU -DNATIVE -nostdinc -Iinclude/ | gcc -c -x cpp-output -o build/native/data/sprites/security_laser.o -std=gnu89 -
python3 tools/preproc.py src/data/sprites/sidehopper.c charmap.txt | cpp -DREGION_EU -DNATIVE -nostdinc -Iinclude/ | gcc -c -x cpp-output -o build/native/data/sprites/sidehopper.o -std=gnu89 -
python3 tools/preproc.py src/data/sprites/skree.c charmap.txt | cpp -DREGION_EU -DNATIVE -nostdinc -Iinclude/ | gcc -c -x cpp-output -o build/native/data/sprites/skree.o -std=gnu89 -
python3 tools/preproc.py src/data/sprites/skultera.c charmap.txt | cpp -DREGION_EU -DNATIVE -nostdinc -Iinclude/ | gcc -c -x cpp-output -o build/native/data/sprites/skultera.o -std=gnu89 -
python3 tools/preproc.py src/data/sprites/sova.c charmap.txt | cpp -DREGION_EU -DNATIVE -nostdinc -Iinclude/ | gcc -c -x cpp-output -o build/native/data/sprites/sova.o -std=gnu89 -
python3 tools/preproc.py src/data/sprites/space_pirate.c charmap.txt | cpp -DREGION_EU -DNATIVE -nostdinc -Iinclude/ | gcc -c -x cpp-output -o build/native/data/sprites/space_pirate.o -std=gnu89 -
python3 tools/preproc.py src/data/sprites/space_pirate_carrying_power_bomb.c charmap.txt | cpp -DREGION_EU -DNATIVE -nostdinc -Iinclude/ | gcc -c -x cpp-output -o build/native/data/sprites/space_pirate_carrying_power_bomb.o -std=gnu89 -
python3 tools/preproc.py src/data/sprites/squeept.c charmap.txt | cpp -DREGION_EU -DNATIVE -nostdinc -Iinclude/ | gcc -c -x cpp-output -o build/native/data/sprites/squeept.o -std=gnu89 -
python3 tools/preproc.py src/data/sprites/steam.c charmap.txt | cpp -DREGION_EU -DNATIVE -nostdinc -Iinclude/ | gcc -c -x cpp-output -o build/native/data/sprites/steam.o -std=gnu89 -
python3 tools/preproc.py src/data/sprites/tangle_vine.c charmap.txt | cpp -DREGION_EU -DNATIVE -nostdinc -Iinclude/ | gcc -c -x cpp-output -o build/native/data/sprites/tangle_vine.o -std=gnu89 -
python3 tools/preproc.py src/data/sprites/unknown_item_block.c charmap.txt | cpp -DREGION_EU -DNATIVE -nostdinc -Iinclude/ | gcc -c -x cpp-output -o build/native/data/sprites/unknown_item_block.o -std=gnu89 -
python3 tools/preproc.py src/data/sprites/unused_sprites.c charmap.txt | cpp -DREGION_EU -DNATIVE -nostdinc -Iinclude/ | gcc -c -x cpp-output -o build/native/data/sprites/unused_sprites.o -std=gnu89 -
python3 tools/preproc.py src/data/sprites/unknown_item_chozo_statue.c charmap.txt | cpp -DREGION_EU -DNATIVE -nostdinc -Iinclude/ | gcc -c -x cpp-output -o build/native/data/sprites/unknown_item_chozo_statue.o -std=gnu89 -
python3 tools/preproc.py src/data/sprites/viola.c charmap.txt | cpp -DREGION_EU -DNATIVE -nostdinc -Iinclude/ | gcc -c -x cpp-output -o build/native/data/sprites/viola.o -std=gnu89 -
python3 tools/preproc.py src/data/sprites/waver.c charmap.txt | cpp -DREGION_EU -DNATIVE -nostdinc -Iinclude/ | gcc -c -x cpp-output -o build/native/data/sprites/waver.o -std=gnu89 -
python3 tools/preproc.py src/data/sprites/worker_robot.c charmap.txt | cpp -DREGION_EU -DNATIVE -nostdinc -Iinclude/ | gcc -c -x cpp-output -o build/native/data/sprites/worker_robot.o -std=gnu89 -
python3 tools/preproc.py src/data/sprites/zebbo.c charmap.txt | cpp -DREGION_EU -DNATIVE -nostdinc -Iinclude/ | gcc -c -x cpp-output -o build/native/data/sprites/zebbo.o -std=gnu89 -
python3 tools/preproc.py src/data/sprites/zeb.c charmap.txt | cpp -DREGION_EU -DNATIVE -nostdinc -Iinclude/ | gcc -c -x cpp-output -o build/native/data/sprites/zeb.o -std=gnu89 -
python3 tools/preproc.py src/data/sprites/zeela.c charmap.txt | cpp -DREGION_EU -DNATIVE -nostdinc -Iinclude/ | gcc -c -x cpp-output -o build/native/data/sprites/zeela.o -std=gnu89 -
python3 tools/preproc.py src/data/sprites/zebetite_and_cannon.c charmap.txt | cpp -DREGION_EU -DNATIVE -nostdinc -Iinclude/ | gcc -c -x cpp-output -o build/native/data/sprites/zebetite_and_cannon.o -std=gnu89 -
python3 tools/preproc.py src/data/sprites/zipline.c charmap.txt | cpp -DREGION_EU -DNATIVE -nostdinc -Iinclude/ | gcc -c -x cpp-output -o build/native/data/sprites/zipline.o -std=gnu89 -
python3 tools/preproc.py src/data/sprites/zipline_generator.c charmap.txt | cpp -DREGION_EU -DNATIVE -nostdinc -Iinclude/ | gcc -c -x cpp-output -o build/native/data/sprites/zipline_generator.o -std=gnu89 -
python3 tools/preproc.py src/data/sprites/zoomer.c charmap.txt | cpp -DREGION_EU -DNATIVE -nostdinc -Iinclude/ | gcc -c -x cpp-output -o build/native/data/sprites/zoomer.o -std=gnu89 -
python3 tools/preproc.py src/data/text_data.c charmap.txt | cpp -DREGION_EU -DNATIVE -nostdinc -Iinclude/ | gcc -c -x cpp-output -o build/native/data/text_data.o -std=gnu89 -
python3 tools/preproc.py src/data/tilesets/tilesets_set0.c charmap.txt | cpp -DREGION_EU -DNATIVE -nostdinc -Iinclude/ | gcc -c -x cpp-output -o build/native/data/tilesets/tilesets_set0.o -std=gnu89 -
python3 tools/preproc.py src/data/tilesets/tilesets_set1.c charmap.txt | cpp -DREGION_EU -DNATIVE -nostdinc -Iinclude/ | gcc -c -x cpp-output -o build/native/data/tilesets/tilesets_set1.o -std=gnu89 -
python3 tools/preproc.py src/data/tilesets/tilesets_set2.c charmap.txt | cpp -DREGION_EU -DNATIVE -nostdinc -Iinclude/ | gcc -c -x cpp-output -o build/native/data/tilesets/tilesets_set2.o -std=gnu89 -
python3 tools/preproc.py src/data/tilesets/tilesets_set3.c charmap.txt | cpp -DREGION_EU -DNATIVE -nostdinc -Iinclude/ | gcc -c -x cpp-output -o build/native/data/tilesets/tilesets_set3.o -std=gnu89 -
python3 tools/preproc.py src/data/tilesets/tilesets_set4.c charmap.txt | cpp -DREGION_EU -DNATIVE -nostdinc -Iinclude/ | gcc -c -x cpp-output -o build/native/data/tilesets/tilesets_set4.o -std=gnu89 -
python3 tools/preproc.py src/data/tilesets/tilesets_set5.c charmap.txt | cpp -DREGION_EU -DNATIVE -nostdinc -Iinclude/ | gcc -c -x cpp-output -o build/native/data/tilesets/tilesets_set5.o -std=gnu89 -
python3 tools/preproc.py src/data/tilesets/tilesets_set6.c charmap.txt | cpp -DREGION_EU -DNATIVE -nostdinc -Iinclude/ | gcc -c -x cpp-output -o build/native/data/tilesets/tilesets_set6.o -std=gnu89 -
python3 tools/preproc.py src/data/tilesets/tilesets_set7.c charmap.txt | cpp -DREGION_EU -DNATIVE -nostdinc -Iinclude/ | gcc -c -x cpp-output -o build/native/data/tilesets/tilesets_set7.o -std=gnu89 -
python3 tools/preproc.py src/data/visual_effects_data.c charmap.txt | cpp -DREGION_EU -DNATIVE -nostdinc -Iinclude/ | gcc -c -x cpp-output -o build/native/data/visual_effects_data.o -std=gnu89 -
python3 tools/preproc.py src/data/tourian_escape_data.c charmap.txt | cpp -DREGION_EU -DNATIVE -nostdinc -Iinclude/ | gcc -c -x cpp-output -o build/native/data/tourian_escape_data.o -std=gnu89 -
python3 tools/preproc.py src/demo.c charmap.txt | cpp -DREGION_EU -DNATIVE -nostdinc -Iinclude/ | gcc -c -x cpp-output -o build/native/demo.o -std=gnu89 -
python3 tools/preproc.py src/demo_input.c charmap.txt | cpp -DREGION_EU -DNATIVE -nostdinc -Iinclude/ | gcc -c -x cpp-output -o build/native/demo_input.o -std=gnu89 -
python3 tools/preproc.py src/display.c charmap.txt | cpp -DREGION_EU -DNATIVE -nostdinc -Iinclude/ | gcc -c -x cpp-output -o build/native/display.o -std=gnu89 -
python3 tools/preproc.py src/dma.c charmap.txt | cpp -DREGION_EU -DNATIVE -nostdinc -Iinclude/ | gcc -c -x cpp-output -o build/native/dma.o -std=gnu89 -
python3 tools/preproc.py src/ending_and_gallery.c charmap.txt | cpp -DREGION_EU -DNATIVE -nostdinc -Iinclude/ | gcc -c -x cpp-output -o build/native/ending_and_gallery.o -std=gnu89 -
python3 tools/preproc.py src/escape.c charmap.txt | cpp -DREGION_EU -DNATIVE -nostdinc -Iinclude/ | gcc -c -x cpp-output -o build/native/escape.o -std=gnu89 -
python3 tools/preproc.py src/event.c charmap.txt | cpp -DREGION_EU -DNATIVE -nostdinc -Iinclude/ | gcc -c -x cpp-output -o build/native/event.o -std=gnu89 -
python3 tools/preproc.py src/fixed_point.c charmap.txt | cpp -DREGION_EU -DNATIVE -nostdinc -Iinclude/ | gcc -c -x cpp-output -o build/native/fixed_point.o -std=gnu89 -
python3 tools/preproc.py src/fusion_gallery.c charmap.txt | cpp -DREGION_EU -DNATIVE -nostdinc -Iinclude/ | gcc -c -x cpp-output -o build/native/fusion_gallery.o -std=gnu89 -
python3 tools/preproc.py src/gadora_hatch.c charmap.txt | cpp -DREGION_EU -DNATIVE -nostdinc -Iinclude/ | gcc -c -x cpp-output -o build/native/gadora_hatch.o -std=gnu89 -
python3 tools/preproc.py src/globals2.c charmap.txt | cpp -DREGION_EU -DNATIVE -nostdinc -Iinclude/ | gcc -c -x cpp-output -o build/native/globals2.o -std=gnu89 -
python3 tools/preproc.py src/globals1.c charmap.txt | cpp -DREGION_EU -DNATIVE -nostdinc -Iinclude/ | gcc -c -x cpp-output -o build/native/globals1.o -std=gnu89 -
python3 tools/preproc.py src/haze.c charmap.txt | cpp -DREGION_EU -DNATIVE -nostdinc -Iinclude/ | gcc -c -x cpp-output -o build/native/haze.o -std=gnu89 -
python3 tools/preproc.py src/hud.c charmap.txt | cpp -DREGION_EU -DNATIVE -nostdinc -Iinclude/ | gcc -c -x cpp-output -o build/native/hud.o -std=gnu89 -
<stdin>: Dans la fonction « EscapeCheckReloadGraphics »:
<stdin>:94:25: warning: la conversion depuis « long unsigned int » vers « u32 » {alias « unsigned int »} change la valeur de « 18446744071562068992 » en « 2147484672 » [-Woverflow]
python3 tools/preproc.py src/hud_generic.c charmap.txt | cpp -DREGION_EU -DNATIVE -nostdinc -Iinclude/ | gcc -c -x cpp-output -o build/native/hud_generic.o -std=gnu89 -
<stdin>: Dans la fonction « FusionGalleryVBlank »:
<stdin>:25:21: warning: la conversion depuis « long unsigned int » vers « u32 » {alias « unsigned int »} change la valeur de « 18446744071629177088 » en « 2214592768 » [-Woverflow]
<stdin>: Dans la fonction « FusionGalleryInit »:
<stdin>:55:52: warning: la conversion depuis « long unsigned int » vers « u32 » {alias « unsigned int »} change la valeur de « 18446744071645954444 » en « 2231370124 » [-Woverflow]
python3 tools/preproc.py src/in_game.c charmap.txt | cpp -DREGION_EU -DNATIVE -nostdinc -Iinclude/ | gcc -c -x cpp-output -o build/native/in_game.o -std=gnu89 -
python3 tools/preproc.py src/in_game_cutscene.c charmap.txt | cpp -DREGION_EU -DNATIVE -nostdinc -Iinclude/ | gcc -c -x cpp-output -o build/native/in_game_cutscene.o -std=gnu89 -
<stdin>: Dans la fonction « GalleryVBlank »:
<stdin>:399:21: warning: la conversion depuis « long unsigned int » vers « u32 » {alias « unsigned int »} change la valeur de « 18446744071629177088 » en « 2214592768 » [-Woverflow]
<stdin>: Dans la fonction « EndScreenVBlank »:
<stdin>:438:21: warning: la conversion depuis « long unsigned int » vers « u32 » {alias « unsigned int »} change la valeur de « 18446744071629177088 » en « 2214592768 » [-Woverflow]
<stdin>: Dans la fonction « UnlockedOptionsVBlank »:
<stdin>:457:21: warning: la conversion depuis « long unsigned int » vers « u32 » {alias « unsigned int »} change la valeur de « 18446744071629177088 » en « 2214592768 » [-Woverflow]
<stdin>: Dans la fonction « CreditsInit »:
<stdin>:487:48: warning: la conversion depuis « long unsigned int » vers « u32 » {alias « unsigned int »} change la valeur de « 18446744071645954444 » en « 2231370124 » [-Woverflow]
<stdin>: Dans la fonction « EndScreenInit »:
<stdin>:1063:48: warning: la conversion depuis « long unsigned int » vers « u32 » {alias « unsigned int »} change la valeur de « 18446744071645954444 » en « 2231370124 » [-Woverflow]
<stdin>: Dans la fonction « EndingImageInit »:
<stdin>:1410:48: warning: la conversion depuis « long unsigned int » vers « u32 » {alias « unsigned int »} change la valeur de « 18446744071645954444 » en « 2231370124 » [-Woverflow]
<stdin>: Dans la fonction « UnlockedOptionsInit »:
<stdin>:1750:48: warning: la conversion depuis « long unsigned int » vers « u32 » {alias « unsigned int »} change la valeur de « 18446744071645954444 » en « 2231370124 » [-Woverflow]
<stdin>: Dans la fonction « GalleryInit »:
<stdin>:2075:52: warning: la conversion depuis « long unsigned int » vers « u32 » {alias « unsigned int »} change la valeur de « 18446744071645954444 » en « 2231370124 » [-Woverflow]
python3 tools/preproc.py src/in_game_timer.c charmap.txt | cpp -DREGION_EU -DNATIVE -nostdinc -Iinclude/ | gcc -c -x cpp-output -o build/native/in_game_timer.o -std=gnu89 -
python3 tools/preproc.py src/init_game.c charmap.txt | cpp -DREGION_EU -DNATIVE -nostdinc -Iinclude/ | gcc -c -x cpp-output -o build/native/init_game.o -std=gnu89 -
python3 tools/preproc.py src/init_helpers.c charmap.txt | cpp -DREGION_EU -DNATIVE -nostdinc -Iinclude/ | gcc -c -x cpp-output -o build/native/init_helpers.o -std=gnu89 -
python3 tools/preproc.py src/intro.c charmap.txt | cpp -DREGION_EU -DNATIVE -nostdinc -Iinclude/ | gcc -c -x cpp-output -o build/native/intro.o -std=gnu89 -
<stdin>: Dans la fonction « HudGenericLoadCommonSpriteGfx »:
<stdin>:24:21: warning: la conversion depuis « long unsigned int » vers « u32 » {alias « unsigned int »} change la valeur de « 18446744071562075136 » en « 2147490816 » [-Woverflow]
python3 tools/preproc.py src/link.c charmap.txt | cpp -DREGION_EU -DNATIVE -nostdinc -Iinclude/ | gcc -c -x cpp-output -o build/native/link.o -std=gnu89 -
python3 tools/preproc.py src/location_text.c charmap.txt | cpp -DREGION_EU -DNATIVE -nostdinc -Iinclude/ | gcc -c -x cpp-output -o build/native/location_text.o -std=gnu89 -
python3 tools/preproc.py src/menus/boot_debug.c charmap.txt | cpp -DREGION_EU -DNATIVE -nostdinc -Iinclude/ | gcc -c -x cpp-output -o build/native/menus/boot_debug.o -std=gnu89 -
<stdin>: Dans la fonction « HudUpdateGfx »:
<stdin>:1225:25: warning: la conversion depuis « long unsigned int » vers « u32 » {alias « unsigned int »} change la valeur de « 18446744071562068016 » en « 2147483696 » [-Woverflow]
<stdin>: Dans la fonction « VBlankCodeInGameLoad »:
<stdin>:312:21: warning: la conversion depuis « long unsigned int » vers « u32 » {alias « unsigned int »} change la valeur de « 18446744071629177088 » en « 2214592768 » [-Woverflow]
<stdin>: Dans la fonction « TransferSamusAndBgGraphics »:
<stdin>:371:21: warning: la conversion depuis « long unsigned int » vers « u32 » {alias « unsigned int »} change la valeur de « 18446744071629177088 » en « 2214592768 » [-Woverflow]
<stdin>: Dans la fonction « VBlankCodeInGame »:
<stdin>:395:21: warning: la conversion depuis « long unsigned int » vers « u32 » {alias « unsigned int »} change la valeur de « 18446744071629177088 » en « 2214592768 » [-Woverflow]
<stdin>: Dans la fonction « InitAndLoadGenerics »:
<stdin>:481:21: warning: la conversion depuis « long unsigned int » vers « u32 » {alias « unsigned int »} change la valeur de « 18446744071562068064 » en « 2147483744 » [-Woverflow]
python3 tools/preproc.py src/menus/erase_sram.c charmap.txt | cpp -DREGION_EU -DNATIVE -nostdinc -Iinclude/ | gcc -c -x cpp-output -o build/native/menus/erase_sram.o -std=gnu89 -
python3 tools/preproc.py src/menus/file_select.c charmap.txt | cpp -DREGION_EU -DNATIVE -nostdinc -Iinclude/ | gcc -c -x cpp-output -o build/native/menus/file_select.o -std=gnu89 -
python3 tools/preproc.py src/menus/game_over.c charmap.txt | cpp -DREGION_EU -DNATIVE -nostdinc -Iinclude/ | gcc -c -x cpp-output -o build/native/menus/game_over.o -std=gnu89 -
python3 tools/preproc.py src/menus/pause_screen.c charmap.txt | cpp -DREGION_EU -DNATIVE -nostdinc -Iinclude/ | gcc -c -x cpp-output -o build/native/menus/pause_screen.o -std=gnu89 -
python3 tools/preproc.py src/menus/pause_screen_map.c charmap.txt | cpp -DREGION_EU -DNATIVE -nostdinc -Iinclude/ | gcc -c -x cpp-output -o build/native/menus/pause_screen_map.o -std=gnu89 -
python3 tools/preproc.py src/menus/pause_screen_sub_menus.c charmap.txt | cpp -DREGION_EU -DNATIVE -nostdinc -Iinclude/ | gcc -c -x cpp-output -o build/native/menus/pause_screen_sub_menus.o -std=gnu89 -
<stdin>: Dans la fonction « IntroInit »:
<stdin>:83:48: warning: la conversion depuis « long unsigned int » vers « u32 » {alias « unsigned int »} change la valeur de « 18446744071645954444 » en « 2231370124 » [-Woverflow]
<stdin>: Dans la fonction « FusionGalleryLinkProcess »:
<stdin>:50:56: warning: la conversion depuis « long unsigned int » vers « u32 » {alias « unsigned int »} change la valeur de « 18446744071578845186 » en « 2164260866 » [-Woverflow]
<stdin>:51:56: warning: la conversion depuis « long unsigned int » vers « u32 » {alias « unsigned int »} change la valeur de « 18446744071578845188 » en « 2164260868 » [-Woverflow]
python3 tools/preproc.py src/menus/status_screen.c charmap.txt | cpp -DREGION_EU -DNATIVE -nostdinc -Iinclude/ | gcc -c -x cpp-output -o build/native/menus/status_screen.o -std=gnu89 -
python3 tools/preproc.py src/menus/title_screen.c charmap.txt | cpp -DREGION_EU -DNATIVE -nostdinc -Iinclude/ | gcc -c -x cpp-output -o build/native/menus/title_screen.o -std=gnu89 -
python3 tools/preproc.py src/minimap.c charmap.txt | cpp -DREGION_EU -DNATIVE -nostdinc -Iinclude/ | gcc -c -x cpp-output -o build/native/minimap.o -std=gnu89 -
python3 tools/preproc.py src/multiboot.c charmap.txt | cpp -DREGION_EU -DNATIVE -nostdinc -Iinclude/ | gcc -c -x cpp-output -o build/native/multiboot.o -std=gnu89 -
python3 tools/preproc.py src/music_wrappers.c charmap.txt | cpp -DREGION_EU -DNATIVE -nostdinc -Iinclude/ | gcc -c -x cpp-output -o build/native/music_wrappers.o -std=gnu89 -
<stdin>: Dans la fonction « EraseSramInit »:
<stdin>:366:48: warning: la conversion depuis « long unsigned int » vers « u32 » {alias « unsigned int »} change la valeur de « 18446744071645954444 » en « 2231370124 » [-Woverflow]
<stdin>: Dans la fonction « EraseSramVBlank »:
<stdin>:489:21: warning: la conversion depuis « long unsigned int » vers « u32 » {alias « unsigned int »} change la valeur de « 18446744071629177088 » en « 2214592768 » [-Woverflow]
python3 tools/preproc.py src/oam_id.c charmap.txt | cpp -DREGION_EU -DNATIVE -nostdinc -Iinclude/ | gcc -c -x cpp-output -o build/native/oam_id.o -std=gnu89 -
python3 tools/preproc.py src/particle.c charmap.txt | cpp -DREGION_EU -DNATIVE -nostdinc -Iinclude/ | gcc -c -x cpp-output -o build/native/particle.o -std=gnu89 -
<stdin>: Dans la fonction « GameOverVBlank »:
<stdin>:412:21: warning: la conversion depuis « long unsigned int » vers « u32 » {alias « unsigned int »} change la valeur de « 18446744071629177088 » en « 2214592768 » [-Woverflow]
<stdin>: Dans la fonction « FileSelectVBlank »:
<stdin>:4859:21: warning: la conversion depuis « long unsigned int » vers « u32 » {alias « unsigned int »} change la valeur de « 18446744071629177088 » en « 2214592768 » [-Woverflow]
<stdin>: Dans la fonction « PauseScreenVBlank »:
<stdin>:2162:21: warning: la conversion depuis « long unsigned int » vers « u32 » {alias « unsigned int »} change la valeur de « 18446744071629177088 » en « 2214592768 » [-Woverflow]
<stdin>: Dans la fonction « PauseScreenInit »:
<stdin>:2212:21: warning: la conversion depuis « long unsigned int » vers « u32 » {alias « unsigned int »} change la valeur de « 18446744071629177088 » en « 2214592768 » [-Woverflow]
<stdin>:2576:21: warning: la conversion depuis « long unsigned int » vers « u32 » {alias « unsigned int »} change la valeur de « 18446744071629177088 » en « 2214592768 » [-Woverflow]
python3 tools/preproc.py src/process_pause_press.c charmap.txt | cpp -DREGION_EU -DNATIVE -nostdinc -Iinclude/ | gcc -c -x cpp-output -o build/native/process_pause_press.o -std=gnu89 -
<stdin>: Dans la fonction « TitleScreenVBlank »:
<stdin>:1399:21: warning: la conversion depuis « long unsigned int » vers « u32 » {alias « unsigned int »} change la valeur de « 18446744071629177088 » en « 2214592768 » [-Woverflow]
python3 tools/preproc.py src/power_bomb_explosion.c charmap.txt | cpp -DREGION_EU -DNATIVE -nostdinc -Iinclude/ | gcc -c -x cpp-output -o build/native/power_bomb_explosion.o -std=gnu89 -
<stdin>: Dans la fonction « DMA2IntrCode »:
<stdin>:22:59: warning: la conversion depuis « long unsigned int » vers « vu32 » {alias « unsigned int »} change la valeur de « 18446744071633371140 » en « 2218786820 » [-Woverflow]
<stdin>:23:59: warning: la conversion depuis « long unsigned int » vers « vu32 » {alias « unsigned int »} change la valeur de « 18446744071633371140 » en « 2218786820 » [-Woverflow]
<stdin>: Dans la fonction « RestartSound »:
<stdin>:56:55: warning: la conversion depuis « long unsigned int » vers « vu32 » {alias « unsigned int »} change la valeur de « 18446744071633371140 » en « 2218786820 » [-Woverflow]
<stdin>:57:55: warning: la conversion depuis « long unsigned int » vers « vu32 » {alias « unsigned int »} change la valeur de « 18446744071633371140 » en « 2218786820 » [-Woverflow]
<stdin>: Dans la fonction « ClearSoundData »:
<stdin>:79:55: warning: la conversion depuis « long unsigned int » vers « vu32 » {alias « unsigned int »} change la valeur de « 18446744071633371140 » en « 2218786820 » [-Woverflow]
<stdin>:80:55: warning: la conversion depuis « long unsigned int » vers « vu32 » {alias « unsigned int »} change la valeur de « 18446744071633371140 » en « 2218786820 » [-Woverflow]
<stdin>: Dans la fonction « unk_34ac »:
<stdin>:112:38: warning: transtypage d'un pointeur vers un entier de taille différente [-Wpointer-to-int-cast]
<stdin>: Dans la fonction « unk_35d0 »:
<stdin>:183:25: warning: transtypage d'un pointeur vers un entier de taille différente [-Wpointer-to-int-cast]
<stdin>: Dans la fonction « ReplayQueuedMusic »:
<stdin>:759:57: warning: transtypage d'un pointeur vers un entier de taille différente [-Wpointer-to-int-cast]
<stdin>:760:57: warning: transtypage d'un pointeur vers un entier de taille différente [-Wpointer-to-int-cast]
<stdin>:761:57: warning: transtypage d'un pointeur vers un entier de taille différente [-Wpointer-to-int-cast]
<stdin>: Dans la fonction « DecreaseMusicVolume »:
<stdin>:851:53: warning: transtypage d'un pointeur vers un entier de taille différente [-Wpointer-to-int-cast]
<stdin>:852:53: warning: transtypage d'un pointeur vers un entier de taille différente [-Wpointer-to-int-cast]
python3 tools/preproc.py src/projectile.c charmap.txt | cpp -DREGION_EU -DNATIVE -nostdinc -Iinclude/ | gcc -c -x cpp-output -o build/native/projectile.o -std=gnu89 -
python3 tools/preproc.py src/projectile_util.c charmap.txt | cpp -DREGION_EU -DNATIVE -nostdinc -Iinclude/ | gcc -c -x cpp-output -o build/native/projectile_util.o -std=gnu89 -
python3 tools/preproc.py src/room_cutscene.c charmap.txt | cpp -DREGION_EU -DNATIVE -nostdinc -Iinclude/ | gcc -c -x cpp-output -o build/native/room_cutscene.o -std=gnu89 -
python3 tools/preproc.py src/room.c charmap.txt | cpp -DREGION_EU -DNATIVE -nostdinc -Iinclude/ | gcc -c -x cpp-output -o build/native/room.o -std=gnu89 -
python3 tools/preproc.py src/room_music.c charmap.txt | cpp -DREGION_EU -DNATIVE -nostdinc -Iinclude/ | gcc -c -x cpp-output -o build/native/room_music.o -std=gnu89 -
python3 tools/preproc.py src/samus.c charmap.txt | cpp -DREGION_EU -DNATIVE -nostdinc -Iinclude/ | gcc -c -x cpp-output -o build/native/samus.o -std=gnu89 -
python3 tools/preproc.py src/save_file.c charmap.txt | cpp -DREGION_EU -DNATIVE -nostdinc -Iinclude/ | gcc -c -x cpp-output -o build/native/save_file.o -std=gnu89 -
python3 tools/preproc.py src/save_file_load.c charmap.txt | cpp -DREGION_EU -DNATIVE -nostdinc -Iinclude/ | gcc -c -x cpp-output -o build/native/save_file_load.o -std=gnu89 -
python3 tools/preproc.py src/screen_shake.c charmap.txt | cpp -DREGION_EU -DNATIVE -nostdinc -Iinclude/ | gcc -c -x cpp-output -o build/native/screen_shake.o -std=gnu89 -
python3 tools/preproc.py src/scroll.c charmap.txt | cpp -DREGION_EU -DNATIVE -nostdinc -Iinclude/ | gcc -c -x cpp-output -o build/native/scroll.o -std=gnu89 -
python3 tools/preproc.py src/soft_reset.c charmap.txt | cpp -DREGION_EU -DNATIVE -nostdinc -Iinclude/ | gcc -c -x cpp-output -o build/native/soft_reset.o -std=gnu89 -
python3 tools/preproc.py src/soft_reset_input.c charmap.txt | cpp -DREGION_EU -DNATIVE -nostdinc -Iinclude/ | gcc -c -x cpp-output -o build/native/soft_reset_input.o -std=gnu89 -
python3 tools/preproc.py src/sprite.c charmap.txt | cpp -DREGION_EU -DNATIVE -nostdinc -Iinclude/ | gcc -c -x cpp-output -o build/native/sprite.o -std=gnu89 -
<stdin>: Dans la fonction « ProjectileLoadGraphics »:
<stdin>:754:25: warning: la conversion depuis « long unsigned int » vers « u32 » {alias « unsigned int »} change la valeur de « 18446744071562068096 » en « 2147483776 » [-Woverflow]
<stdin>:755:25: warning: la conversion depuis « long unsigned int » vers « u32 » {alias « unsigned int »} change la valeur de « 18446744071562068224 » en « 2147483904 » [-Woverflow]
<stdin>:756:25: warning: la conversion depuis « long unsigned int » vers « u32 » {alias « unsigned int »} change la valeur de « 18446744071562068224 » en « 2147483904 » [-Woverflow]
<stdin>:757:25: warning: la conversion depuis « long unsigned int » vers « u32 » {alias « unsigned int »} change la valeur de « 18446744071562068224 » en « 2147483904 » [-Woverflow]
<stdin>:767:29: warning: la conversion depuis « long unsigned int » vers « u32 » {alias « unsigned int »} change la valeur de « 18446744071562068224 » en « 2147483904 » [-Woverflow]
<stdin>:768:29: warning: la conversion depuis « long unsigned int » vers « u32 » {alias « unsigned int »} change la valeur de « 18446744071562068224 » en « 2147483904 » [-Woverflow]
<stdin>:769:29: warning: la conversion depuis « long unsigned int » vers « u32 » {alias « unsigned int »} change la valeur de « 18446744071562068224 » en « 2147483904 » [-Woverflow]
<stdin>:770:29: warning: la conversion depuis « long unsigned int » vers « u32 » {alias « unsigned int »} change la valeur de « 18446744071562068224 » en « 2147483904 » [-Woverflow]
<stdin>:779:29: warning: la conversion depuis « long unsigned int » vers « u32 » {alias « unsigned int »} change la valeur de « 18446744071562068224 » en « 2147483904 » [-Woverflow]
<stdin>:780:29: warning: la conversion depuis « long unsigned int » vers « u32 » {alias « unsigned int »} change la valeur de « 18446744071562068224 » en « 2147483904 » [-Woverflow]
<stdin>:781:29: warning: la conversion depuis « long unsigned int » vers « u32 » {alias « unsigned int »} change la valeur de « 18446744071562068224 » en « 2147483904 » [-Woverflow]
<stdin>:782:29: warning: la conversion depuis « long unsigned int » vers « u32 » {alias « unsigned int »} change la valeur de « 18446744071562068224 » en « 2147483904 » [-Woverflow]
<stdin>:791:29: warning: la conversion depuis « long unsigned int » vers « u32 » {alias « unsigned int »} change la valeur de « 18446744071562068224 » en « 2147483904 » [-Woverflow]
<stdin>:792:29: warning: la conversion depuis « long unsigned int » vers « u32 » {alias « unsigned int »} change la valeur de « 18446744071562068224 » en « 2147483904 » [-Woverflow]
<stdin>:793:29: warning: la conversion depuis « long unsigned int » vers « u32 » {alias « unsigned int »} change la valeur de « 18446744071562068224 » en « 2147483904 » [-Woverflow]
<stdin>:794:29: warning: la conversion depuis « long unsigned int » vers « u32 » {alias « unsigned int »} change la valeur de « 18446744071562068224 » en « 2147483904 » [-Woverflow]
<stdin>:800:29: warning: la conversion depuis « long unsigned int » vers « u32 » {alias « unsigned int »} change la valeur de « 18446744071562068224 » en « 2147483904 » [-Woverflow]
<stdin>:801:29: warning: la conversion depuis « long unsigned int » vers « u32 » {alias « unsigned int »} change la valeur de « 18446744071562068224 » en « 2147483904 » [-Woverflow]
<stdin>:802:29: warning: la conversion depuis « long unsigned int » vers « u32 » {alias « unsigned int »} change la valeur de « 18446744071562068224 » en « 2147483904 » [-Woverflow]
<stdin>:803:29: warning: la conversion depuis « long unsigned int » vers « u32 » {alias « unsigned int »} change la valeur de « 18446744071562068224 » en « 2147483904 » [-Woverflow]
<stdin>:809:29: warning: la conversion depuis « long unsigned int » vers « u32 » {alias « unsigned int »} change la valeur de « 18446744071562068224 » en « 2147483904 » [-Woverflow]
<stdin>:810:29: warning: la conversion depuis « long unsigned int » vers « u32 » {alias « unsigned int »} change la valeur de « 18446744071562068224 » en « 2147483904 » [-Woverflow]
<stdin>:811:29: warning: la conversion depuis « long unsigned int » vers « u32 » {alias « unsigned int »} change la valeur de « 18446744071562068224 » en « 2147483904 » [-Woverflow]
<stdin>:812:29: warning: la conversion depuis « long unsigned int » vers « u32 » {alias « unsigned int »} change la valeur de « 18446744071562068224 » en « 2147483904 » [-Woverflow]
python3 tools/preproc.py src/sprite_debris.c charmap.txt | cpp -DREGION_EU -DNATIVE -nostdinc -Iinclude/ | gcc -c -x cpp-output -o build/native/sprite_debris.o -std=gnu89 -
python3 tools/preproc.py src/sprites_ai/acid_worm.c charmap.txt | cpp -DREGION_EU -DNATIVE -nostdinc -Iinclude/ | gcc -c -x cpp-output -o build/native/sprites_ai/acid_worm.o -std=gnu89 -
<stdin>: Dans la fonction « SramRead_FileScreenOptionsUnlocked »:
<stdin>:164:58: warning: la conversion depuis « long unsigned int » vers « u32 » {alias « unsigned int »} change la valeur de « 18446744071578845216 » en « 2164260896 » [-Woverflow]
<stdin>:168:62: warning: la conversion depuis « long unsigned int » vers « u32 » {alias « unsigned int »} change la valeur de « 18446744071578845216 » en « 2164260896 » [-Woverflow]
<stdin>:172:66: warning: la conversion depuis « long unsigned int » vers « u32 » {alias « unsigned int »} change la valeur de « 18446744071578845216 » en « 2164260896 » [-Woverflow]
<stdin>: Dans la fonction « SramProcessIntroSave »:
<stdin>:312:76: warning: transtypage d'un pointeur vers un entier de taille différente [-Wpointer-to-int-cast]
<stdin>: Dans la fonction « SramTestFlash »:
<stdin>:891:77: warning: transtypage d'un pointeur vers un entier de taille différente [-Wpointer-to-int-cast]
<stdin>:895:46: warning: transtypage d'un pointeur vers un entier de taille différente [-Wpointer-to-int-cast]
<stdin>:902:54: warning: transtypage d'un pointeur vers un entier de taille différente [-Wpointer-to-int-cast]
<stdin>:906:46: warning: transtypage d'un pointeur vers un entier de taille différente [-Wpointer-to-int-cast]
python3 tools/preproc.py src/sprites_ai/area_banner.c charmap.txt | cpp -DREGION_EU -DNATIVE -nostdinc -Iinclude/ | gcc -c -x cpp-output -o build/native/sprites_ai/area_banner.o -std=gnu89 -
<stdin>: Dans la fonction « SramRead_MostRecentSaveFile »:
<stdin>:1326:54: warning: la conversion depuis « long unsigned int » vers « u32 » {alias « unsigned int »} change la valeur de « 18446744071578845216 » en « 2164260896 » [-Woverflow]
<stdin>: Dans la fonction « SramRead_SoundMode »:
<stdin>:1434:54: warning: la conversion depuis « long unsigned int » vers « u32 » {alias « unsigned int »} change la valeur de « 18446744071578845216 » en « 2164260896 » [-Woverflow]
<stdin>: Dans la fonction « SramRead_Language »:
<stdin>:1555:33: warning: la conversion depuis « long unsigned int » vers « u32 » {alias « unsigned int »} change la valeur de « 18446744071562068000 » en « 2147483680 » [-Woverflow]
<stdin>:1564:29: warning: la conversion depuis « long unsigned int » vers « u32 » {alias « unsigned int »} change la valeur de « 18446744071562068000 » en « 2147483680 » [-Woverflow]
<stdin>:1572:56: warning: la conversion depuis « long unsigned int » vers « u32 » {alias « unsigned int »} change la valeur de « 18446744071578845216 » en « 2164260896 » [-Woverflow]
<stdin>:1576:56: warning: la conversion depuis « long unsigned int » vers « u32 » {alias « unsigned int »} change la valeur de « 18446744071578845216 » en « 2164260896 » [-Woverflow]
<stdin>: Dans la fonction « SramRead_TimeAttack »:
<stdin>:1696:33: warning: la conversion depuis « long unsigned int » vers « u32 » {alias « unsigned int »} change la valeur de « 18446744071562068096 » en « 2147483776 » [-Woverflow]
<stdin>:1705:29: warning: la conversion depuis « long unsigned int » vers « u32 » {alias « unsigned int »} change la valeur de « 18446744071562068096 » en « 2147483776 » [-Woverflow]
python3 tools/preproc.py src/sprites_ai/atomic.c charmap.txt | cpp -DREGION_EU -DNATIVE -nostdinc -Iinclude/ | gcc -c -x cpp-output -o build/native/sprites_ai/atomic.o -std=gnu89 -
python3 tools/preproc.py src/sprites_ai/baristute.c charmap.txt | cpp -DREGION_EU -DNATIVE -nostdinc -Iinclude/ | gcc -c -x cpp-output -o build/native/sprites_ai/baristute.o -std=gnu89 -
<stdin>: Dans la fonction « SamusInit »:
<stdin>:8074:56: warning: la conversion depuis « long unsigned int » vers « u32 » {alias « unsigned int »} change la valeur de « 18446744071645954055 » en « 2231369735 » [-Woverflow]
<stdin>:8075:56: warning: la conversion depuis « long unsigned int » vers « u32 » {alias « unsigned int »} change la valeur de « 18446744071645954053 » en « 2231369733 » [-Woverflow]
<stdin>:8076:56: warning: la conversion depuis « long unsigned int » vers « u32 » {alias « unsigned int »} change la valeur de « 18446744071645954049 » en « 2231369729 » [-Woverflow]
<stdin>:8077:56: warning: la conversion depuis « long unsigned int » vers « u32 » {alias « unsigned int »} change la valeur de « 18446744071645954050 » en « 2231369730 » [-Woverflow]
<stdin>:8093:56: warning: la conversion depuis « long unsigned int » vers « u32 » {alias « unsigned int »} change la valeur de « 18446744071645954096 » en « 2231369776 » [-Woverflow]
python3 tools/preproc.py src/sprites_ai/boss_statues.c charmap.txt | cpp -DREGION_EU -DNATIVE -nostdinc -Iinclude/ | gcc -c -x cpp-output -o build/native/sprites_ai/boss_statues.o -std=gnu89 -
python3 tools/preproc.py src/sprites_ai/black_space_pirate.c charmap.txt | cpp -DREGION_EU -DNATIVE -nostdinc -Iinclude/ | gcc -c -x cpp-output -o build/native/sprites_ai/black_space_pirate.o -std=gnu89 -
python3 tools/preproc.py src/sprites_ai/charge_beam.c charmap.txt | cpp -DREGION_EU -DNATIVE -nostdinc -Iinclude/ | gcc -c -x cpp-output -o build/native/sprites_ai/charge_beam.o -std=gnu89 -
python3 tools/preproc.py src/sprites_ai/chozo_ball.c charmap.txt | cpp -DREGION_EU -DNATIVE -nostdinc -Iinclude/ | gcc -c -x cpp-output -o build/native/sprites_ai/chozo_ball.o -std=gnu89 -
In file included from <stdin>:9:
include/data/generic_data.h:7:1: warning: « sSineTable » modifié par une variable ayant une portée sur tout le fichier
    7 | extern const s16 sSineTable[2*PI + PI_2];
      | ^~~~~~
<stdin>: Dans la fonction « SpriteUpdate »:
<stdin>:932:33: warning: la conversion depuis « long unsigned int » vers « u32 » {alias « unsigned int »} change la valeur de « 18446744071562068000 » en « 2147483680 » [-Woverflow]
<stdin>:955:33: warning: la conversion depuis « long unsigned int » vers « u32 » {alias « unsigned int »} change la valeur de « 18446744071562068000 » en « 2147483680 » [-Woverflow]
<stdin>:978:37: warning: la conversion depuis « long unsigned int » vers « u32 » {alias « unsigned int »} change la valeur de « 18446744071562068000 » en « 2147483680 » [-Woverflow]
<stdin>:1001:37: warning: la conversion depuis « long unsigned int » vers « u32 » {alias « unsigned int »} change la valeur de « 18446744071562068000 » en « 2147483680 » [-Woverflow]
<stdin>:1008:37: warning: la conversion depuis « long unsigned int » vers « u32 » {alias « unsigned int »} change la valeur de « 18446744071562068000 » en « 2147483680 » [-Woverflow]
<stdin>:1013:37: warning: la conversion depuis « long unsigned int » vers « u32 » {alias « unsigned int »} change la valeur de « 18446744071562068000 » en « 2147483680 » [-Woverflow]
<stdin>:1027:29: warning: la conversion depuis « long unsigned int » vers « u32 » {alias « unsigned int »} change la valeur de « 18446744071562068000 » en « 2147483680 » [-Woverflow]
<stdin>:1050:29: warning: la conversion depuis « long unsigned int » vers « u32 » {alias « unsigned int »} change la valeur de « 18446744071562068000 » en « 2147483680 » [-Woverflow]
<stdin>:1068:29: warning: la conversion depuis « long unsigned int » vers « u32 » {alias « unsigned int »} change la valeur de « 18446744071562068000 » en « 2147483680 » [-Woverflow]
<stdin>:1088:29: warning: la conversion depuis « long unsigned int » vers « u32 » {alias « unsigned int »} change la valeur de « 18446744071562068000 » en « 2147483680 » [-Woverflow]
python3 tools/preproc.py src/sprites_ai/chozo_statue.c charmap.txt | cpp -DREGION_EU -DNATIVE -nostdinc -Iinclude/ | gcc -c -x cpp-output -o build/native/sprites_ai/chozo_statue.o -std=gnu89 -
<stdin>: Dans la fonction « SpriteDraw »:
<stdin>:1554:58: warning: la conversion non-signée de « int » vers « unsigned char:1 » change la valeur de « 3 » en « 1 » [-Woverflow]
<stdin>:1555:62: warning: la conversion non-signée de « int » vers « unsigned char:3 » change la valeur de « 29 » en « 5 » [-Woverflow]
<stdin>:1560:58: warning: la conversion non-signée de « int » vers « unsigned char:1 » change la valeur de « 3 » en « 1 » [-Woverflow]
<stdin>:1561:62: warning: la conversion non-signée de « int » vers « unsigned char:3 » change la valeur de « 28 » en « 4 » [-Woverflow]
<stdin>:1570:58: warning: la conversion non-signée de « int » vers « unsigned char:1 » change la valeur de « 3 » en « 1 » [-Woverflow]
<stdin>:1571:62: warning: la conversion non-signée de « int » vers « unsigned char:3 » change la valeur de « 31 » en « 7 » [-Woverflow]
<stdin>:1576:58: warning: la conversion non-signée de « int » vers « unsigned char:1 » change la valeur de « 3 » en « 1 » [-Woverflow]
<stdin>:1577:62: warning: la conversion non-signée de « int » vers « unsigned char:3 » change la valeur de « 30 » en « 6 » [-Woverflow]
In file included from <stdin>:7:
include/data/generic_data.h:7:1: warning: « sSineTable » modifié par une variable ayant une portée sur tout le fichier
    7 | extern const s16 sSineTable[2*PI + PI_2];
      | ^~~~~~
python3 tools/preproc.py src/sprites_ai/chozo_statue_movement.c charmap.txt | cpp -DREGION_EU -DNATIVE -nostdinc -Iinclude/ | gcc -c -x cpp-output -o build/native/sprites_ai/chozo_statue_movement.o -std=gnu89 -
In file included from <stdin>:7:
include/data/generic_data.h:7:1: warning: « sSineTable » modifié par une variable ayant une portée sur tout le fichier
    7 | extern const s16 sSineTable[2*PI + PI_2];
      | ^~~~~~
python3 tools/preproc.py src/sprites_ai/crocomire.c charmap.txt | cpp -DREGION_EU -DNATIVE -nostdinc -Iinclude/ | gcc -c -x cpp-output -o build/native/sprites_ai/crocomire.o -std=gnu89 -
python3 tools/preproc.py src/sprites_ai/deorem.c charmap.txt | cpp -DREGION_EU -DNATIVE -nostdinc -Iinclude/ | gcc -c -x cpp-output -o build/native/sprites_ai/deorem.o -std=gnu89 -
python3 tools/preproc.py src/sprites_ai/dessgeega.c charmap.txt | cpp -DREGION_EU -DNATIVE -nostdinc -Iinclude/ | gcc -c -x cpp-output -o build/native/sprites_ai/dessgeega.o -std=gnu89 -
python3 tools/preproc.py src/sprites_ai/dragon.c charmap.txt | cpp -DREGION_EU -DNATIVE -nostdinc -Iinclude/ | gcc -c -x cpp-output -o build/native/sprites_ai/dragon.o -std=gnu89 -
python3 tools/preproc.py src/sprites_ai/elevator_pad.c charmap.txt | cpp -DREGION_EU -DNATIVE -nostdinc -Iinclude/ | gcc -c -x cpp-output -o build/native/sprites_ai/elevator_pad.o -std=gnu89 -
python3 tools/preproc.py src/sprites_ai/elevator_statue.c charmap.txt | cpp -DREGION_EU -DNATIVE -nostdinc -Iinclude/ | gcc -c -x cpp-output -o build/native/sprites_ai/elevator_statue.o -std=gnu89 -
python3 tools/preproc.py src/sprites_ai/enemy_drop.c charmap.txt | cpp -DREGION_EU -DNATIVE -nostdinc -Iinclude/ | gcc -c -x cpp-output -o build/native/sprites_ai/enemy_drop.o -std=gnu89 -
python3 tools/preproc.py src/sprites_ai/escape_ship.c charmap.txt | cpp -DREGION_EU -DNATIVE -nostdinc -Iinclude/ | gcc -c -x cpp-output -o build/native/sprites_ai/escape_ship.o -std=gnu89 -
python3 tools/preproc.py src/sprites_ai/escape_gate.c charmap.txt | cpp -DREGION_EU -DNATIVE -nostdinc -Iinclude/ | gcc -c -x cpp-output -o build/native/sprites_ai/escape_gate.o -std=gnu89 -
python3 tools/preproc.py src/sprites_ai/escape_ship_pirate.c charmap.txt | cpp -DREGION_EU -DNATIVE -nostdinc -Iinclude/ | gcc -c -x cpp-output -o build/native/sprites_ai/escape_ship_pirate.o -std=gnu89 -
python3 tools/preproc.py src/sprites_ai/explosion_zebes_escape.c charmap.txt | cpp -DREGION_EU -DNATIVE -nostdinc -Iinclude/ | gcc -c -x cpp-output -o build/native/sprites_ai/explosion_zebes_escape.o -std=gnu89 -
python3 tools/preproc.py src/sprites_ai/falling_chozo_pillar.c charmap.txt | cpp -DREGION_EU -DNATIVE -nostdinc -Iinclude/ | gcc -c -x cpp-output -o build/native/sprites_ai/falling_chozo_pillar.o -std=gnu89 -
python3 tools/preproc.py src/sprites_ai/gadora.c charmap.txt | cpp -DREGION_EU -DNATIVE -nostdinc -Iinclude/ | gcc -c -x cpp-output -o build/native/sprites_ai/gadora.o -std=gnu89 -
python3 tools/preproc.py src/sprites_ai/gamet.c charmap.txt | cpp -DREGION_EU -DNATIVE -nostdinc -Iinclude/ | gcc -c -x cpp-output -o build/native/sprites_ai/gamet.o -std=gnu89 -
python3 tools/preproc.py src/sprites_ai/geega.c charmap.txt | cpp -DREGION_EU -DNATIVE -nostdinc -Iinclude/ | gcc -c -x cpp-output -o build/native/sprites_ai/geega.o -std=gnu89 -
python3 tools/preproc.py src/sprites_ai/gekitai_machine.c charmap.txt | cpp -DREGION_EU -DNATIVE -nostdinc -Iinclude/ | gcc -c -x cpp-output -o build/native/sprites_ai/gekitai_machine.o -std=gnu89 -
python3 tools/preproc.py src/sprites_ai/geron.c charmap.txt | cpp -DREGION_EU -DNATIVE -nostdinc -Iinclude/ | gcc -c -x cpp-output -o build/native/sprites_ai/geron.o -std=gnu89 -
python3 tools/preproc.py src/sprites_ai/geron_norfair.c charmap.txt | cpp -DREGION_EU -DNATIVE -nostdinc -Iinclude/ | gcc -c -x cpp-output -o build/native/sprites_ai/geron_norfair.o -std=gnu89 -
python3 tools/preproc.py src/sprites_ai/geruta.c charmap.txt | cpp -DREGION_EU -DNATIVE -nostdinc -Iinclude/ | gcc -c -x cpp-output -o build/native/sprites_ai/geruta.o -std=gnu89 -
python3 tools/preproc.py src/sprites_ai/glass_tube.c charmap.txt | cpp -DREGION_EU -DNATIVE -nostdinc -Iinclude/ | gcc -c -x cpp-output -o build/native/sprites_ai/glass_tube.o -std=gnu89 -
python3 tools/preproc.py src/sprites_ai/gunship.c charmap.txt | cpp -DREGION_EU -DNATIVE -nostdinc -Iinclude/ | gcc -c -x cpp-output -o build/native/sprites_ai/gunship.o -std=gnu89 -
python3 tools/preproc.py src/sprites_ai/hive.c charmap.txt | cpp -DREGION_EU -DNATIVE -nostdinc -Iinclude/ | gcc -c -x cpp-output -o build/native/sprites_ai/hive.o -std=gnu89 -
python3 tools/preproc.py src/sprites_ai/holtz.c charmap.txt | cpp -DREGION_EU -DNATIVE -nostdinc -Iinclude/ | gcc -c -x cpp-output -o build/native/sprites_ai/holtz.o -std=gnu89 -
python3 tools/preproc.py src/sprites_ai/imago.c charmap.txt | cpp -DREGION_EU -DNATIVE -nostdinc -Iinclude/ | gcc -c -x cpp-output -o build/native/sprites_ai/imago.o -std=gnu89 -
python3 tools/preproc.py src/sprites_ai/imago_cocoon.c charmap.txt | cpp -DREGION_EU -DNATIVE -nostdinc -Iinclude/ | gcc -c -x cpp-output -o build/native/sprites_ai/imago_cocoon.o -std=gnu89 -
python3 tools/preproc.py src/sprites_ai/imago_larva.c charmap.txt | cpp -DREGION_EU -DNATIVE -nostdinc -Iinclude/ | gcc -c -x cpp-output -o build/native/sprites_ai/imago_larva.o -std=gnu89 -
python3 tools/preproc.py src/sprites_ai/imago_larva_right_side.c charmap.txt | cpp -DREGION_EU -DNATIVE -nostdinc -Iinclude/ | gcc -c -x cpp-output -o build/native/sprites_ai/imago_larva_right_side.o -std=gnu89 -
python3 tools/preproc.py src/sprites_ai/kraid.c charmap.txt | cpp -DREGION_EU -DNATIVE -nostdinc -Iinclude/ | gcc -c -x cpp-output -o build/native/sprites_ai/kraid.o -std=gnu89 -
python3 tools/preproc.py src/sprites_ai/map_station.c charmap.txt | cpp -DREGION_EU -DNATIVE -nostdinc -Iinclude/ | gcc -c -x cpp-output -o build/native/sprites_ai/map_station.o -std=gnu89 -
python3 tools/preproc.py src/sprites_ai/mecha_ridley.c charmap.txt | cpp -DREGION_EU -DNATIVE -nostdinc -Iinclude/ | gcc -c -x cpp-output -o build/native/sprites_ai/mecha_ridley.o -std=gnu89 -
python3 tools/preproc.py src/sprites_ai/mella.c charmap.txt | cpp -DREGION_EU -DNATIVE -nostdinc -Iinclude/ | gcc -c -x cpp-output -o build/native/sprites_ai/mella.o -std=gnu89 -
In file included from <stdin>:9:
include/data/generic_data.h:7:1: warning: « sSineTable » modifié par une variable ayant une portée sur tout le fichier
    7 | extern const s16 sSineTable[2*PI + PI_2];
      | ^~~~~~
python3 tools/preproc.py src/sprites_ai/message_banner.c charmap.txt | cpp -DREGION_EU -DNATIVE -nostdinc -Iinclude/ | gcc -c -x cpp-output -o build/native/sprites_ai/message_banner.o -std=gnu89 -
python3 tools/preproc.py src/sprites_ai/metroid.c charmap.txt | cpp -DREGION_EU -DNATIVE -nostdinc -Iinclude/ | gcc -c -x cpp-output -o build/native/sprites_ai/metroid.o -std=gnu89 -
python3 tools/preproc.py src/sprites_ai/morph_ball.c charmap.txt | cpp -DREGION_EU -DNATIVE -nostdinc -Iinclude/ | gcc -c -x cpp-output -o build/native/sprites_ai/morph_ball.o -std=gnu89 -
python3 tools/preproc.py src/sprites_ai/morph_ball_launcher.c charmap.txt | cpp -DREGION_EU -DNATIVE -nostdinc -Iinclude/ | gcc -c -x cpp-output -o build/native/sprites_ai/morph_ball_launcher.o -std=gnu89 -
python3 tools/preproc.py src/sprites_ai/mother_brain.c charmap.txt | cpp -DREGION_EU -DNATIVE -nostdinc -Iinclude/ | gcc -c -x cpp-output -o build/native/sprites_ai/mother_brain.o -std=gnu89 -
python3 tools/preproc.py src/sprites_ai/multiviola.c charmap.txt | cpp -DREGION_EU -DNATIVE -nostdinc -Iinclude/ | gcc -c -x cpp-output -o build/native/sprites_ai/multiviola.o -std=gnu89 -
python3 tools/preproc.py src/sprites_ai/parasite.c charmap.txt | cpp -DREGION_EU -DNATIVE -nostdinc -Iinclude/ | gcc -c -x cpp-output -o build/native/sprites_ai/parasite.o -std=gnu89 -
python3 tools/preproc.py src/sprites_ai/piston.c charmap.txt | cpp -DREGION_EU -DNATIVE -nostdinc -Iinclude/ | gcc -c -x cpp-output -o build/native/sprites_ai/piston.o -std=gnu89 -
python3 tools/preproc.py src/sprites_ai/polyp.c charmap.txt | cpp -DREGION_EU -DNATIVE -nostdinc -Iinclude/ | gcc -c -x cpp-output -o build/native/sprites_ai/polyp.o -std=gnu89 -
python3 tools/preproc.py src/sprites_ai/power_grip.c charmap.txt | cpp -DREGION_EU -DNATIVE -nostdinc -Iinclude/ | gcc -c -x cpp-output -o build/native/sprites_ai/power_grip.o -std=gnu89 -
python3 tools/preproc.py src/sprites_ai/primary_sprite_b3.c charmap.txt | cpp -DREGION_EU -DNATIVE -nostdinc -Iinclude/ | gcc -c -x cpp-output -o build/native/sprites_ai/primary_sprite_b3.o -std=gnu89 -
python3 tools/preproc.py src/sprites_ai/reo.c charmap.txt | cpp -DREGION_EU -DNATIVE -nostdinc -Iinclude/ | gcc -c -x cpp-output -o build/native/sprites_ai/reo.o -std=gnu89 -
python3 tools/preproc.py src/sprites_ai/ridley.c charmap.txt | cpp -DREGION_EU -DNATIVE -nostdinc -Iinclude/ | gcc -c -x cpp-output -o build/native/sprites_ai/ridley.o -std=gnu89 -
python3 tools/preproc.py src/sprites_ai/rinka.c charmap.txt | cpp -DREGION_EU -DNATIVE -nostdinc -Iinclude/ | gcc -c -x cpp-output -o build/native/sprites_ai/rinka.o -std=gnu89 -
python3 tools/preproc.py src/sprites_ai/ripper2.c charmap.txt | cpp -DREGION_EU -DNATIVE -nostdinc -Iinclude/ | gcc -c -x cpp-output -o build/native/sprites_ai/ripper2.o -std=gnu89 -
python3 tools/preproc.py src/sprites_ai/ripper.c charmap.txt | cpp -DREGION_EU -DNATIVE -nostdinc -Iinclude/ | gcc -c -x cpp-output -o build/native/sprites_ai/ripper.o -std=gnu89 -
python3 tools/preproc.py src/sprites_ai/rising_chozo_pillar.c charmap.txt | cpp -DREGION_EU -DNATIVE -nostdinc -Iinclude/ | gcc -c -x cpp-output -o build/native/sprites_ai/rising_chozo_pillar.o -std=gnu89 -
python3 tools/preproc.py src/sprites_ai/ruins_test.c charmap.txt | cpp -DREGION_EU -DNATIVE -nostdinc -Iinclude/ | gcc -c -x cpp-output -o build/native/sprites_ai/ruins_test.o -std=gnu89 -
python3 tools/preproc.py src/sprites_ai/save_platform.c charmap.txt | cpp -DREGION_EU -DNATIVE -nostdinc -Iinclude/ | gcc -c -x cpp-output -o build/native/sprites_ai/save_platform.o -std=gnu89 -
python3 tools/preproc.py src/sprites_ai/save_platform_chozodia.c charmap.txt | cpp -DREGION_EU -DNATIVE -nostdinc -Iinclude/ | gcc -c -x cpp-output -o build/native/sprites_ai/save_platform_chozodia.o -std=gnu89 -
python3 tools/preproc.py src/sprites_ai/searchlight.c charmap.txt | cpp -DREGION_EU -DNATIVE -nostdinc -Iinclude/ | gcc -c -x cpp-output -o build/native/sprites_ai/searchlight.o -std=gnu89 -
python3 tools/preproc.py src/sprites_ai/searchlight_eye.c charmap.txt | cpp -DREGION_EU -DNATIVE -nostdinc -Iinclude/ | gcc -c -x cpp-output -o build/native/sprites_ai/searchlight_eye.o -std=gnu89 -
python3 tools/preproc.py src/sprites_ai/security_gate.c charmap.txt | cpp -DREGION_EU -DNATIVE -nostdinc -Iinclude/ | gcc -c -x cpp-output -o build/native/sprites_ai/security_gate.o -std=gnu89 -
python3 tools/preproc.py src/sprites_ai/security_laser.c charmap.txt | cpp -DREGION_EU -DNATIVE -nostdinc -Iinclude/ | gcc -c -x cpp-output -o build/native/sprites_ai/security_laser.o -std=gnu89 -
python3 tools/preproc.py src/sprites_ai/sidehopper.c charmap.txt | cpp -DREGION_EU -DNATIVE -nostdinc -Iinclude/ | gcc -c -x cpp-output -o build/native/sprites_ai/sidehopper.o -std=gnu89 -
In file included from <stdin>:8:
include/data/generic_data.h:7:1: warning: « sSineTable » modifié par une variable ayant une portée sur tout le fichier
    7 | extern const s16 sSineTable[2*PI + PI_2];
      | ^~~~~~
python3 tools/preproc.py src/sprites_ai/skree.c charmap.txt | cpp -DREGION_EU -DNATIVE -nostdinc -Iinclude/ | gcc -c -x cpp-output -o build/native/sprites_ai/skree.o -std=gnu89 -
python3 tools/preproc.py src/sprites_ai/skultera.c charmap.txt | cpp -DREGION_EU -DNATIVE -nostdinc -Iinclude/ | gcc -c -x cpp-output -o build/native/sprites_ai/skultera.o -std=gnu89 -
python3 tools/preproc.py src/sprites_ai/sova.c charmap.txt | cpp -DREGION_EU -DNATIVE -nostdinc -Iinclude/ | gcc -c -x cpp-output -o build/native/sprites_ai/sova.o -std=gnu89 -
<stdin>: Dans la fonction « RuinsTestSamusReflectionStart »:
<stdin>:1883:37: warning: la conversion depuis « long unsigned int » vers « u32 » {alias « unsigned int »} change la valeur de « 18446744071562068160 » en « 2147483840 » [-Woverflow]
<stdin>:1884:37: warning: la conversion depuis « long unsigned int » vers « u32 » {alias « unsigned int »} change la valeur de « 18446744071562068096 » en « 2147483776 » [-Woverflow]
<stdin>:1888:37: warning: la conversion depuis « long unsigned int » vers « u32 » {alias « unsigned int »} change la valeur de « 18446744071562068160 » en « 2147483840 » [-Woverflow]
<stdin>:1889:37: warning: la conversion depuis « long unsigned int » vers « u32 » {alias « unsigned int »} change la valeur de « 18446744071562068096 » en « 2147483776 » [-Woverflow]
<stdin>: Dans la fonction « RuinsTestSamusReflectionEnd »:
<stdin>:2303:33: warning: la conversion depuis « long unsigned int » vers « u32 » {alias « unsigned int »} change la valeur de « 18446744071562068160 » en « 2147483840 » [-Woverflow]
<stdin>:2304:33: warning: la conversion depuis « long unsigned int » vers « u32 » {alias « unsigned int »} change la valeur de « 18446744071562068096 » en « 2147483776 » [-Woverflow]
python3 tools/preproc.py src/sprites_ai/space_pirate.c charmap.txt | cpp -DREGION_EU -DNATIVE -nostdinc -Iinclude/ | gcc -c -x cpp-output -o build/native/sprites_ai/space_pirate.o -std=gnu89 -
python3 tools/preproc.py src/sprites_ai/space_pirate_carrying_power_bomb.c charmap.txt | cpp -DREGION_EU -DNATIVE -nostdinc -Iinclude/ | gcc -c -x cpp-output -o build/native/sprites_ai/space_pirate_carrying_power_bomb.o -std=gnu89 -
python3 tools/preproc.py src/sprites_ai/squeept.c charmap.txt | cpp -DREGION_EU -DNATIVE -nostdinc -Iinclude/ | gcc -c -x cpp-output -o build/native/sprites_ai/squeept.o -std=gnu89 -
python3 tools/preproc.py src/sprites_ai/steam.c charmap.txt | cpp -DREGION_EU -DNATIVE -nostdinc -Iinclude/ | gcc -c -x cpp-output -o build/native/sprites_ai/steam.o -std=gnu89 -
python3 tools/preproc.py src/sprites_ai/tangle_vine.c charmap.txt | cpp -DREGION_EU -DNATIVE -nostdinc -Iinclude/ | gcc -c -x cpp-output -o build/native/sprites_ai/tangle_vine.o -std=gnu89 -
python3 tools/preproc.py src/sprites_ai/unknown_item_block.c charmap.txt | cpp -DREGION_EU -DNATIVE -nostdinc -Iinclude/ | gcc -c -x cpp-output -o build/native/sprites_ai/unknown_item_block.o -std=gnu89 -
python3 tools/preproc.py src/sprites_ai/unknown_item_chozo_statue.c charmap.txt | cpp -DREGION_EU -DNATIVE -nostdinc -Iinclude/ | gcc -c -x cpp-output -o build/native/sprites_ai/unknown_item_chozo_statue.o -std=gnu89 -
python3 tools/preproc.py src/sprites_ai/unused_sprites.c charmap.txt | cpp -DREGION_EU -DNATIVE -nostdinc -Iinclude/ | gcc -c -x cpp-output -o build/native/sprites_ai/unused_sprites.o -std=gnu89 -
python3 tools/preproc.py src/sprites_ai/waver.c charmap.txt | cpp -DREGION_EU -DNATIVE -nostdinc -Iinclude/ | gcc -c -x cpp-output -o build/native/sprites_ai/waver.o -std=gnu89 -
python3 tools/preproc.py src/sprites_ai/viola.c charmap.txt | cpp -DREGION_EU -DNATIVE -nostdinc -Iinclude/ | gcc -c -x cpp-output -o build/native/sprites_ai/viola.o -std=gnu89 -
python3 tools/preproc.py src/sprites_ai/water_drop.c charmap.txt | cpp -DREGION_EU -DNATIVE -nostdinc -Iinclude/ | gcc -c -x cpp-output -o build/native/sprites_ai/water_drop.o -std=gnu89 -
python3 tools/preproc.py src/sprites_ai/worker_robot.c charmap.txt | cpp -DREGION_EU -DNATIVE -nostdinc -Iinclude/ | gcc -c -x cpp-output -o build/native/sprites_ai/worker_robot.o -std=gnu89 -
python3 tools/preproc.py src/sprites_ai/zebbo.c charmap.txt | cpp -DREGION_EU -DNATIVE -nostdinc -Iinclude/ | gcc -c -x cpp-output -o build/native/sprites_ai/zebbo.o -std=gnu89 -
python3 tools/preproc.py src/sprites_ai/zeb.c charmap.txt | cpp -DREGION_EU -DNATIVE -nostdinc -Iinclude/ | gcc -c -x cpp-output -o build/native/sprites_ai/zeb.o -std=gnu89 -
python3 tools/preproc.py src/sprites_ai/zebetite_and_cannon.c charmap.txt | cpp -DREGION_EU -DNATIVE -nostdinc -Iinclude/ | gcc -c -x cpp-output -o build/native/sprites_ai/zebetite_and_cannon.o -std=gnu89 -
python3 tools/preproc.py src/sprites_ai/zeela.c charmap.txt | cpp -DREGION_EU -DNATIVE -nostdinc -Iinclude/ | gcc -c -x cpp-output -o build/native/sprites_ai/zeela.o -std=gnu89 -
python3 tools/preproc.py src/sprites_ai/zipline.c charmap.txt | cpp -DREGION_EU -DNATIVE -nostdinc -Iinclude/ | gcc -c -x cpp-output -o build/native/sprites_ai/zipline.o -std=gnu89 -
python3 tools/preproc.py src/sprites_ai/zipline_generator.c charmap.txt | cpp -DREGION_EU -DNATIVE -nostdinc -Iinclude/ | gcc -c -x cpp-output -o build/native/sprites_ai/zipline_generator.o -std=gnu89 -
python3 tools/preproc.py src/sprites_ai/zoomer.c charmap.txt | cpp -DREGION_EU -DNATIVE -nostdinc -Iinclude/ | gcc -c -x cpp-output -o build/native/sprites_ai/zoomer.o -std=gnu89 -
python3 tools/preproc.py src/sprite_util.c charmap.txt | cpp -DREGION_EU -DNATIVE -nostdinc -Iinclude/ | gcc -c -x cpp-output -o build/native/sprite_util.o -std=gnu89 -
python3 tools/preproc.py src/sram_misc.c charmap.txt | cpp -DREGION_EU -DNATIVE -nostdinc -Iinclude/ | gcc -c -x cpp-output -o build/native/sram_misc.o -std=gnu89 -
python3 tools/preproc.py src/sram/sram.c charmap.txt | cpp -DREGION_EU -DNATIVE -nostdinc -Iinclude/ | gcc -c -x cpp-output -o build/native/sram/sram.o -std=gnu89 -
python3 tools/preproc.py src/syscall_wrappers.c charmap.txt | cpp -DREGION_EU -DNATIVE -nostdinc -Iinclude/ | gcc -c -x cpp-output -o build/native/syscall_wrappers.o -std=gnu89 -
python3 tools/preproc.py src/text.c charmap.txt | cpp -DREGION_EU -DNATIVE -nostdinc -Iinclude/ | gcc -c -x cpp-output -o build/native/text.o -std=gnu89 -
python3 tools/preproc.py src/time_attack.c charmap.txt | cpp -DREGION_EU -DNATIVE -nostdinc -Iinclude/ | gcc -c -x cpp-output -o build/native/time_attack.o -std=gnu89 -
python3 tools/preproc.py src/tourian_escape.c charmap.txt | cpp -DREGION_EU -DNATIVE -nostdinc -Iinclude/ | gcc -c -x cpp-output -o build/native/tourian_escape.o -std=gnu89 -
python3 tools/preproc.py src/transfer.c charmap.txt | cpp -DREGION_EU -DNATIVE -nostdinc -Iinclude/ | gcc -c -x cpp-output -o build/native/transfer.o -std=gnu89 -
<stdin>: Dans la fonction « SramWriteUnchecked »:
<stdin>:25:23: warning: transtypage d'un pointeur vers un entier de taille différente [-Wpointer-to-int-cast]
<stdin>:25:16: warning: transtypage vers un pointeur depuis un entier de taille différente [-Wint-to-pointer-cast]
<stdin>:28:19: warning: transtypage d'un pointeur vers un entier de taille différente [-Wpointer-to-int-cast]
<stdin>:28:45: warning: transtypage d'un pointeur vers un entier de taille différente [-Wpointer-to-int-cast]
<stdin>: Dans la fonction « SramCheck »:
<stdin>:66:23: warning: transtypage d'un pointeur vers un entier de taille différente [-Wpointer-to-int-cast]
<stdin>:66:16: warning: transtypage vers un pointeur depuis un entier de taille différente [-Wint-to-pointer-cast]
<stdin>:69:19: warning: transtypage d'un pointeur vers un entier de taille différente [-Wpointer-to-int-cast]
<stdin>:69:36: warning: transtypage d'un pointeur vers un entier de taille différente [-Wpointer-to-int-cast]
python3 tools/preproc.py src/transparency.c charmap.txt | cpp -DREGION_EU -DNATIVE -nostdinc -Iinclude/ | gcc -c -x cpp-output -o build/native/transparency.o -std=gnu89 -
python3 tools/preproc.py src/update_input.c charmap.txt | cpp -DREGION_EU -DNATIVE -nostdinc -Iinclude/ | gcc -c -x cpp-output -o build/native/update_input.o -std=gnu89 -
<stdin>: Dans la fonction « DoSramOperation »:
<stdin>:54:33: warning: la conversion depuis « long unsigned int » vers « u32 » {alias « unsigned int »} change la valeur de « 18446744071562068000 » en « 2147483680 » [-Woverflow]
<stdin>:129:43: warning: transtypage d'un pointeur vers un entier de taille différente [-Wpointer-to-int-cast]
<stdin>:134:43: warning: transtypage d'un pointeur vers un entier de taille différente [-Wpointer-to-int-cast]
In file included from <stdin>:11:
include/data/generic_data.h:7:1: warning: « sSineTable » modifié par une variable ayant une portée sur tout le fichier
    7 | extern const s16 sSineTable[2*PI + PI_2];
      | ^~~~~~
<stdin>: Dans la fonction « TourianEscapeVBlank »:
<stdin>:32:21: warning: la conversion depuis « long unsigned int » vers « u32 » {alias « unsigned int »} change la valeur de « 18446744071629177088 » en « 2214592768 » [-Woverflow]
<stdin>: Dans la fonction « TourianEscapeVBlankZebesExploding »:
<stdin>:61:21: warning: la conversion depuis « long unsigned int » vers « u32 » {alias « unsigned int »} change la valeur de « 18446744071629177088 » en « 2214592768 » [-Woverflow]
<stdin>: Dans la fonction « TourianEscapeInit »:
<stdin>:514:48: warning: la conversion depuis « long unsigned int » vers « u32 » {alias « unsigned int »} change la valeur de « 18446744071645954444 » en « 2231370124 » [-Woverflow]
== [2/3] OK ==

== [3/3] fonctions implicites a retour non-int (dette LP64) ==
check-implicit-ptr : 306 fonctions implicitement declarees (1167 sites), log build/native-implicit/build.log
check-implicit-ptr : PASS (aucune fonction implicite ne retourne autre chose que void / entier <= int)
== [3/3] OK ==

verify.sh : PASS
